cleaned_text,sentiment
accord gran company plan move production russia although company grow,neutral
last quarter componenta net sale double eurm eurm period year earlier move zero pretax profit pretax loss eurm,positive
third quarter net sale increase percentage eurmarket neutraland operating profit percentage eurmarket neutral,positive
operating profit rise eurmarket neutralfrom eurmarket neutralin corresponding period represent percentage net sale,positive
operating profit total eurmarket neutralup eurmarket neutralin represent percentage net sale,positive
finnish talentum report operate profit increase eurmarket neutralin eurmarket neutralin net sale total eurmarket neutralup eurmarket neutral,positive
clothe retail chain seppl sale increase percentage eurmarket neutraland operating profit rise eurmarket neutralfrom eurmarket neutralin,positive
consolidated net sale increase percentage reach eur operating profit amount eur compare loss eur prior year period,positive
foundry division report sale increase percentage eurmarket neutralfrom eurmarket neutralin corresponding period sale machine shop division increase percentage eurmarket neutralfrom eurmarket neutralin corresponding period,positive
helsinki afx share close high lead nokia announce plan team sanyo manufacture handset nokian tyre fourthquarter earnings report beat analyst expectation dealer say,positive
board director propose dividend eur per share eur per share pay,positive
megafon subscriber base increase percentage million user december market share number customer amount percentage late percentage late accord teliasonera estimate,positive
net income life insurance double eurmarket neutralfrom eurmarket neutraland net income nonlife insurance rise eurmarket neutralfrom eurmarket neutralin corresponding period,positive
net sale increase eur eur pretax profit rise percentage eur eur usd,positive
net sale surge percentage eur teleste say eur percentage sale come acquisition make,positive
nordea group operate profit increase percent yearonyear billion euro total revenue percent billion euro,positive
operating profit ninemonth period increase eur net sale increase eur compare corresponding period,positive
operating profit threemonth period increase eur revenue increase eur compare corresponding period,positive
company net profit rise percentage year million euro sale million euro percentage year company say early,positive
lithuanian beer market make million liter january rise percent yearearlier figure lithuanian brewer association report cite result member,positive
viking line cargo revenue increase percentage eurmarket neutraland cargo volume increase percentage cargo unit,positive
fair value property portfolio double result kapiteeli acquisition total eur million,positive
february finnish medium company sanoma oyj hel saav say yesterday net profit almost triple eur eur announce proposal raise payout,positive
helsinki eliiv today report eps eur increase eps eur,positive
commission income increase percentage eurmarket neutraland lending volume rise percentage,positive
january traffic measure revenue passenger kilometre rpk percentage capacity measure available seat kilometre ask rise percentage,positive
januaryseptember fiskars net profit percentage yearonyear eur million net sale eur million eur million,positive
net income life insurance rise eurmarket neutralfrom eurmarket neutraland net income nonlife insurance eurmarket neutralfrom eurmarket neutralin,positive
sale rise export market,positive
sale increase due grow market rate increase operation,positive
agreement strengthen longterm partnership nokia siemens network,positive
company order book stand atbillioneurobillionon september percentage year international order amount tomillioneuromillion,positive
company say paper demand increase main market include publication paper increase average paper price percent compare last year,positive
world second large stainless steel maker say net profit threemonth period dec surge euro million million euro per share euro million euro per share previous year,positive
share standard charter stan rise percentage ftse royal bank scotland share rise percentage barclays share barc bcs percentage,positive
share nokia corp rise thursday cell phone maker say thirdquarter earnings almost double share global handset market increase,positive
financial report publish friday seb say net profit soar sek yearearlier sek propose percentage dividend increase sek per share,positive
request finnish medium company alma medium newspaper research manager jari kaivooja finland future research centre turku school economics draw future scenario finland national economy use model develop university denver,neutral
stock exchange announcement july basware share subscription warrant increase share capital total share subscribe basware warrant program,neutral
maximum new share subscribe exercise option stock option plan,neutral
tiimari operate store six country include core finnish market generate turnover ofmillioneur,neutral
acquisition considerably increase kemira sale market position russian metal industry coat market,positive
januaryseptember finnlines net sale rise eurmarket neutralfrom eurmarket neutralin corresponding period,positive
adjusted change group structure division net sale increase percentage,positive
february finnish broadband data communication system provider teleste oyj hel tltv saw net profit jump eur last quarter eur period,positive
finnish aktia group operating profit rise eurmarket neutralin first quarter eurmarket neutralin first quarter,positive
finnish bank land consolidated net operating profit increase eurmarket neutralin first quarter eurmarket neutralin first quarter,positive
finnish financial group aktia report operating profit eurmarket neutralin januaryseptember eurmarket neutralin corresponding period,positive
finnish high technology provider vaahto group report net sale eurmarket neutralin accounting period september february increase percentage year earlier,positive
net sale finnish food industry company lnnen tehtaat continue operation increase percentage eurmarket neutralfrom eurmarket neutralin,positive
biohit already service many current genesis customer customer base expect expand result agreement,positive
operating profit turnover threemonth period increase respectively eur eur compare corresponding period,positive
circulation revenue increase percentage finland percentage sweden,positive
clothing chain seppl net sale increase percentage eurmarket neutral,positive
construction volume meanwhile grow rate percent annually,positive
however biohit estimate total net sale continue grow favourable trend net sale lead profit,positive
fiskars cash flow operate activity amount eurm eurm previous year,positive
lithuania operating profit rise eur eur corresponding period,positive
fourth quarter net sale increase percentage eurmarket neutralfrom eurmarket neutralin fourth quarter,positive
international sale rise percentage eurmarket neutral,positive
net sale grow period xac million million xac million,positive
net sale increase eurm april june eurm year earlier,positive
net sale rise percentage yearonyear eur number charger deliver percentage million piece,positive
net sale total eurmarket neutralup eurmarket neutralin corresponding period,positive
operating profit increase percentage eurmarket neutralfrom eurmarket neutral,positive
operating profit margin increase percentage percentage,positive
operating profit rise eurmarket neutralfrom eurmarket neutralin corresponding period,positive
operating profit rise eurmarket neutralfrom eurmarket neutralin fourth quarter,positive
operating profit eurmarket neutralup eurmarket neutral,positive
ramirent net sale second quarterended june euro million million percent increase compare euro million thesecond quarter last year,positive
revenue grow percent xac million million xac million,positive
ruukki delivery volume selling price show favourable development company comparable net sale grow percentage yearonyear eurm ceo sakari tamminen say,positive
company consolidate operating profit amount eurmarket neutralup eurmarket neutralyearonyear,positive
department store division report increase sale per cent,positive
fair value company investment property grow eur billion end march eur million year ago,positive
last quarter best quarter net sale operate margin rise percentage,positive
major brewery increase domestic beer sale per cent last year million litre million litre,positive
operating profit rise percentage eur million,positive
october finnish fishing tackle company rapala vmc corp hel rapv say today net profit rise eur first nine month eur period year earlier,positive
accord finnish metso mineral value company order eur month,positive
finnish bank land report operating profit rise eurmarket neutralin second quarter eurmarket neutralin corresponding period,positive
finnish financial group aktia operate profit increase eurmarket neutralfrom eurmarket neutralin,positive
finnish forest machinery manufacturer ponsse net sale grow eurmarket neutralin first quarter eurmarket neutralin corresponding period,positive
finnish kci konecranes raise net sale growth estimate percentage percentage,positive
accord hkscan finland plan increase jrvisuomen portti net sale eurmarket neutralto eurmarket neutral,positive
advertise circulation revenue grow percentage percentage respectively,positive
end march group order book eurmarket neutralup percentage corresponding period,positive
time profit company increase percentage reach,positive
operating profit net sale month period increase respectively eur eur compare financial year,positive
operating profit net sale month period increase respectively eur eur compare financial year,positive
operating profit net sale month period increase respectively eur eur compare,positive
operating profit net sale month period increase respectively eur eur compare,positive
operating profit net sale ninemonth period increase respectively percentage percentage compare corresponding period,positive
operating profit net sale sixmonth period increase respectively eur eur compare corresponding period,positive
operating profit net sale sixmonth period increase respectively eur eur compare corresponding period,positive
operating profit net sale sixmonth period increase respectively eur eur compare corresponding period,positive
operating profit net sale sixmonth period increase respectively eur eur compare corresponding period,positive
operating profit net sale threemonth period increase respectively eur eur compare corresponding period,positive
operating profit net sale threemonth period increase respectively eur eurm compare corresponding quarter,positive
operating profit sale threemonth period increase respectively eur eur compare corresponding period,positive
operating profit turnover ninemonth period increase respectively eur eur compare corresponding period year ago,positive
operating profit turnover sixmonth period increase respectively eur eur compare corresponding period,positive
operating profit turnover sixmonth period increase respectively eur eur compare corresponding period year ago,positive
cargo volume increase approximately percentage,positive
comparable operating profit total eurmarket neutralup eurmarket neutralin,positive
digia say consolidated net sale januaryjune eur percentage period eur,positive
dilute earnings per share eps rise eur eur,positive
dilute earnings per share eps rise eur versus eur,positive
dilute earnings per share eps rise eur eur,positive
dilute earnings per share eps rise eur eur,positive
dilute eps rise eur eur,positive
ebit margin percentage percentage,positive
eps continue operation come eur,positive
equity ratio percentage compare percentage third quarter net sale freeze food business total eur percentage third quarter,positive
eur may finnish textile clothe design company marimekko oyj hel mmov say today net profit rise eur first quarter eur correspond period year earlier,positive
finlandbased elcoteq privately hold provider electronics manufacture service communication company say thursday sign longterm manufacturing supply deal communication equipment company andrew corp,positive
finnish cutlery hand tool maker fiskars oyj abp hel fisa say today net profit rise eur million usd third quarter eur million year earlier,positive
finnish department store chain stockmann oyj abp net profit rise tomillioneuromillionfor first nine month frommillioneuromillionfor period,positive
finnish lifting equipment maker konecranes oyj say july net profit rise tomillioneuromillionfor first half frommillioneuromillionfor period,positive
finnish metal industry solution supplier outotec oyj net profit rise tomillioneuromillionfor first nine month frommillioneuromillionfor period,positive
finnish metal product company componenta oyj net profit rise tomillioneuromillionfor first quarter frommillioneuromillionfor period,positive
finnish office supply computer accessory dealer belttongroup plc say net profit rise tomillioneuromillionin frommillioneuromillionin,positive
finnish security privacy software solution developer stonesoft oyj say january preliminary sale stonegate product grow percentage yearonyear tomillioneuromillionfor fourth quarter,positive
finnish silicon wafer technology company okmetic oyj omx helsinki okmv report thursday august operating profit eur period januaryjune eur correspond period,positive
finnish software developer solution oyj say net profit increase tomillioneuromillionin frommillioneuromillionin,positive
first quarter underlie operating profit rise tomillioneur frommilliona year earlier,positive
first nine month company net profit rise eurm eurm corresponding period,positive
helsinki afx retail wholesale group kesko report net sale ofmillioneur february increase percentage yearonyear,positive
however net sale see grown eur eur,positive
however sale return growth apriljune ceo pekka eloholma say,positive
ragutis control finnish brewery report percent rise beer sale million litre hold percent market share,positive
svyturysutenos alus controlled nordic group baltic beverage hold bbh post percent growth beer sale januarymay million litre,positive
december alone member lithuanian brewer association sell total million liter beer increase percent sale million liter december,positive
januaryseptember group net interest income increase eurmarket neutralfrom eurmarket neutralin januaryseptember,positive
bank land net interest income increase eurmarket neutralto eurmarket neutral,positive
sweden operating profit period review total eurmarket neutralup percentage corresponding period,positive
fourth quarter orion net profit percentage yearonyear eurm,positive
second quarter group net profit rise eur million eur million apriljune,positive
second quarter group net profit rise eur eur apriljune,positive
third quarter net sale increase percentage yearonyear eur million percentage comparable currency rate growth,positive
third quarter net sale increase percentage yearonyear eur percentage comparable currency rate growth,positive
market share widen percent percent year earlier,positive
kesko agro eesti retailer wholesaler grain agricultural warehouse machinery accessory net sale million euro increase onetenth precede year,positive
kesko car import retailing business vvauto saw sale grow percentage,positive
kone net sale rise percentage yearonyear first nine month,positive
adp news feb finnish management software solution provider ixonos oyj hel xnsv say today net profit rise eur million usd eur million,positive
adp news feb finnish solution provider affecto oyj hel afev say today net profit rise eur million usd eur million,positive
adp news feb finnish fishing tackle company rapala vmc corp hel rapv say today net profit rise eur million usd eur million,positive
adp news nov finnish electronic measurement product solution maker vaisala oyj omx vaias say today net profit rise eur million usd first nine month eur,positive
adp news oct finnish lifting equipment maker konecranes oyj omx kcrv say today net profit rise eur million usd first nine month eur million,positive
metso expect net sale increase percentage comparable exchange rate,positive
net interest income increase percentage eurmarket neutralfrom eurmarket neutralin,positive
net interest income eurmarket neutralup eurmarket neutralin,positive
net interest income eurmarket neutralup eurmarket neutral,positive
net sale vegetable oil business rise eurmarket neutralfrom eurmarket neutral,positive
nokia multimedia net sale total eur percentage corresponding period,positive
operate income rise eurmarket neutralfrom eurmarket neutralin,positive
operating profit kauppalehti group rise eurmarket neutralfrom eurmarket neutraland marketplace eurmarket neutralfrom eurmarket neutralin third quarter,positive
operating profit rise eurmarket neutralto eurmarket neutral,positive
operating profit rise tomillioneur frommillion,positive
operating profit rise eurmarket neutralfrom eurmarket neutralin corresponding period,positive
operating profit rise eurmarket neutralfrom eur corresponding period,positive
operating profit rise eurmarket neutralfrom eurmarket neutralin corresponding period,positive
operating profit rise eurmarket neutralfrom eurmarket neutralin corresponding period,positive
operating profit rise eurmarket neutralfrom eurmarket neutralin,positive
operating profit rise eurmarket neutralfrom eurmarket neutralin corresponding period,positive
operating profit rise eurmarket neutralfrom eurmarket neutral,positive
operating profit rise eurmarket neutralfrom eurmarket neutral,positive
operating profit rise eurmarket neutralfrom eurmarket neutralin corresponding period,positive
operating profit rise eur eur year earlier,positive
operating profit surge eurm eur,positive
operating profit total eurmarket neutralup slightly eurmarket neutralin corresponding period,positive
operating profit total eurmarket neutralup eurmarket neutral,positive
operating profit eurmarket neutralup eurmarket neutral,positive
operating profit eurmarket neutralup percentage eurmarket neutral,positive
order intake grow percentage yearonyear percentage yearonyear respectively eur million eur billion respective januaryseptember julyseptember period,positive
order receive grow percentage yearonyear eurm,positive
orion pharma operating profit increase percentage,positive
passenger volume rise percentage accounting period,positive
passengerrelated revenue rise percentage eurmarket neutralfrom eurmarket neutralin,positive
pretax profit rise eurmarket neutralfrom eurmarket neutralin corresponding period,positive
pretax profit rise eurmarket neutralfrom eur corresponding period,positive
pretax profit rise eurmarket neutralfrom eurmarket neutralin,positive
pretax profit total eurmarket neutralup eurmarket neutral,positive
profit period total eurmarket neutralup eurmarket neutralin corresponding period,positive
profit period eurmarket neutralup eurmarket neutral,positive
profit period eurmarket neutralup eurmarket neutralin,positive
revenue grow percent xac billion billion,positive
revenue july september grow percent euro million year earlier company say thursday,positive
revenue time grow percent million euro,positive
sale latin america increase percentage eurmarket neutraland total ofmarket neutralmobile device sell area represent increase percentage corresponding period,positive
sanoma magazine finland net sale grow eurmarket neutralfrom eurmarket neutral,positive
satama net profit third quarter rise euro euro period,positive
section regional news demand finnair asian traffic measure passenger kilometer percentage august compare last year,positive
svyturysutenos alus controlled nordic group baltic beverage hold bbh post percent growth beer sale januaryseptember million liter,positive
would increase estimate sale million last year,positive
chain post sale million euro full rise percent yearonyear,positive
company expect net sale increase percentage,positive
company operate income ebit total eurmarket neutralup eurmarket neutralyearonyear,positive
eps outlook increase percentage percentage,positive
fair value investment property total eurmarket neutralup eurmarket neutralin,positive
finnish government announce wednesday sell percent stake chemical fertilizer group kemira oyj xac million million send company share price percent,positive
helsinkibased company also own salomon atomic suunto brand say net profit rise percent three month dec xac million million xac million year earlier,positive
operating profit grain trading increase eurmarket neutralfrom eurmarket neutralin,positive
stock rise second day wednesday bring twoday rise gbx percentage,positive
stock rise third day tuesday bring threeday rise gbx percentage,positive
transaction would increase earnings per share first quarter eur,positive
total operating revenue grow percentage yearonyear eurm,positive
vacon cash flow operation grow eurmarket neutralfrom eurmarket neutrala year ago,positive
basware product sale grow strongly financial period percent,positive
february finnish textile clothing company marimekko oyj hel mmov say today preliminary operating profit grow eur eur,positive
affecto expect net sale whole increase level reach eur million,positive
cash flow operation rise eurmarket neutralfrom eurmarket neutralin,positive
commission income rise percentage eurmarket neutralfrom eurmarket neutralin,positive
earnings per share januaryjune eur increase percentage yearonyear eur,positive
earnings per share eps rise eur eur,positive
elisa say mobile subscription grow percent mainly customer adopt socalled third generation mobile technology,positive
eps quarter come eur eur year ago ahead forecast eur,positive
eps grow eur eur,positive
export grow percent million liter,positive
finnish investment group panostaja oyj say net profit tomillioneuromillionin fiscal end october frommillioneuromillionin period fiscal,positive
finnish metal component supplier componenta oyj say net profit tomillioneuromillionin frommillioneuromillionin,positive
finnish silicon wafer technology company okmetic oyj omx helsinki okmv report thursday october operating profit eur januaryseptember eur correspond period,positive
fiskars brand report net sale eurmarket neutralup eurmarket neutral,positive
however proportion pay stand order grow,positive
januaryseptember group net sale continue operation rise eurmarket neutralfrom eurmarket neutralin corresponding period,positive
julyseptember yit net sale increase eurmarket neutralcompared eurmarket neutralin corresponding period,positive
report period net sale rise percentage yearonyear eur due business acquisition realize first half effect eur review period,positive
report period company operating profit grow percentage eur million,positive
last year net sale rise eur million eur million,positive
last year company raise turnover approximately million litas eurmillionfrom million litas,positive
marimekko group fullyear net sale estimate increase percentage,positive
net sale surge percentage eur million,positive
nevertheless market share rise percent percent year earlier,positive
octoberdecember sale weremillioneur percentage increase year year,positive
olvi control percent stake ragutis coq say annual report publish earlier year lithuanian brewery sale reach million euro last year rise percent million euro,positive
olvi expect sale market share increase first quarter,positive
operating profit increase eurmarket neutralfrom eurmarket neutralin corresponding period,positive
operating profit asian plant grow markedly,positive
operating profit total eurmarket neutralup eurmarket neutralin,positive
operating profit total eurmarket neutralup eurmarket neutralyearonyear,positive
production capacity increase tonne per year raw material continue recycle paper board,positive
profit period increase eurmarket neutralto eurmarket neutral,positive
profit per share eur eur,positive
return capital employ rise percentage point percentage,positive
revenue july september grow percent euro billion finnish company say thursday,positive
revenue grow percent euro million million euro million,positive
ruukki order book end percentage yearonyear percentage quarteronquarter,positive
sale finland rise percentage international growth percentage,positive
sale security system packaging increase slightly,positive
stora enso thirdquarter pretax profit double eurmarket neutral,positive
company market share continue increase,positive
company schedule traffic measure revenue passenger kilometre rpk grow percentage nearly percentage passenger carry scheduled flight february,positive
disposal autotank also strengthen aspo capital structure comment gustav nyberg ceo aspo,positive
earnings per share quarter come eur eur quarter year earlier,positive
economic occupancy rate sponda property portfolio rise percentage percentage,positive
group month operating profit grow percent million euro,positive
growth net sale first half percentage compare first half,positive
pretax profit group life insurance business increase eur million eur million,positive
pretax profit group life insurance business increase eurm eurm,positive
total delivery volume paper business tonne tonne,positive
value firm forestry hold increase sek,positive
turnover rise eurm eurm,positive
finnish talvivaara mining hel tlvv say thursday pick bofa merrill lynch jpmorgan nyse jpm joint bookrunners plan issue convertible note worth eurm usdm,neutral
mall part baltic pearl development project city petersburg baltic pearl cjsc subsidiary shanghai foreign joint investment company develop home people,neutral
vacon control percentage company via investment fund power fund eur usd,neutral
complete name shareholder otto henrik bernhard nyberg information amount share transfer corresponds percentage total number share aspo plc,neutral
data process unit collect data calculates rvr value provide data user via various interface,neutral
german commerzbank hamburg branch morgan nyse jpm participate arranger dutch ing inga coarranger,neutral
increase number share base option right grant management company stock option plan,neutral
office worldwide percentage net sale generate outside finland,neutral
branch finland annual revenue finland,neutral
nokia message enables customer receive email email account mobile phone support pop imap email service,neutral
share repurchase helsinki stock exchange behalf sampo plc danske bank helsinki branch,neutral
contract value amount eurm company add,neutral
aldata say still number operational aspect define microsoft detail product market initiative result agreement available later date,neutral
alexandria may kenneth bower vista calif develop ornamental design handset patent trademark office announce,neutral
biohit oyj develop manufacture market liquid handle product diagnostic test system use research healthcare industrial laboratory,neutral
ashley deputy executive chairman sport direct sell stake company pound time float,neutral
rental building equipment account percent operate income,neutral
ruukki delivery include steel structure include installation krakeroy bascule bridge steel pile bridge foundation,neutral
stockmann establish finland become first foreign company enter russia retail trade market,neutral
broadbased wig index end thursday session percentage bluechip wig,neutral
business divest generates consolidated net sale eur million annually currently employee,neutral
company generate net sale aboutmillioneuromillionannually employ,neutral
contract cover manufacturing surfacetreatment installation steel structure,neutral
order also include startup commissioning service,neutral
phone target first time user growth market,neutral
tielinja generate net sale ofmillioneuromillionin,neutral
tikkurila powder coat employee four paint plant generate revenue eur usd,neutral
rental agreement stockmann commit invest building bridge gogol street build underground tunnel cross street,neutral
vnh generate annual net sale aboutmillioneur employ people,neutral
jan ford struggle face slow truck suv sale surfeit uptodate gottahave car,negative
pharmaceutical group orion corp report fall thirdquarter earnings hit large expenditure marketing,negative
however growth margin slow due financial crisis,negative
helsinki afx nokian tyre report fourth quarter pretax profit ofmillioneur frommillionon back strong sale,positive
kalnapiliotauro grupe kalnapilistauras group own denmark royal unibrew raise market share percent percent beer sale seven month jump percent million liter,positive
company estimate net sale increase considerably operate result clearly positive,positive
uponor make operating profit eurmarket neutralup eurmarket neutralwhich make record year,positive
basware corporation stock exchange release august basware sign large deal international industrial group basware deliver invoice automation solution connectivity service international industrial group,positive
estimate operating profit improve third quarter,positive
ruukki forecast percentage annual sale growth positive pretax result,positive
sale rise percentage tomillioneur back strong volume favourable currency effect,positive
growth net sale continue favourably middle east africaand asia pacific,positive
appointment kaupthing bank aim coordinate capital market activity within group improve overall service client,positive
follow increase huhtamaki register share capital eur number share outstanding,neutral
helsinki october ssh communication security corp board director information please contact tomi laamanen chairman tel distribution nasdaq omx helsinki ltd,neutral
offer million share aim raise xac million million expect complete oct outokumpu say,neutral
theodosopoulos say tellabs could value nokia siemens nortel give lead supply status verizon along highgrowth product,positive
succeed increase market share sell apartment comment kari kauniskangas head yit international construction service,positive
capman partner able develop business continue focus provide quality restaurant service customer say christopher wynne ceo papa john russia,positive
finnish suominen corporation specialise wet wipe nonwovens flexible packaging report net sale eurmarket neutralin second quarter eurmarket neutralin second quarter,positive
finnish telecom software developer tecnomen oyj say december amillionmillioneuro order supply expansion charge message system mobile fix network brasil telecom,positive
adp news dec finnish construction engineering company outotec oyj omx otev say today eur million usd order expand phosphate concentrator siilinjarvi norwegian minera,positive
bank see potential getinge share rise,positive
company record revenue million fiscal year end december increase percentage,positive
robust growth result inclusion clothing chain lindex group december,positive
six brewery record percent growth domestic beer sale last year million liter million liter sell,positive
january ephc board director approve increase quarterly dividend per share,positive
bilfinger investor cheer agreement push share percentage euro euro afternoon trade,positive
london afx share rautaruukki corp upgrade hold sell abn amro price target raise eur say dealer,positive
london marketwatch nokia nok say fiveyear service contract run hutchison essar network operation nine location india,positive
progress group qpr representative saudi arabia north africa sign framework agreement long term strategic relationship ise,positive
ragutis control finnish brewery olvi achieve percent rise beer sale million liter hold percent market share,positive
addition cramo peab sign exclusive fiveyear rental agreement finland extend exist rental agreement swedish market another five year,positive
outotec oyj press release december outotec establish new subsidiary kolkata outotec establish subsidiary india order well serve indian customer increase business grow indian market,positive
original contract sign last summer,neutral
number collection error fell considerably operation speed,positive
second quarter group pretax loss narrow eur eur,positive
january finnish metal product company componenta oyj hel cthv say yesterday net loss narrow eur last quarter eur period year earlier,positive
may finnish liquid handle product diagnostic test system maker biohit oyj hel biobv say today may net loss narrow eur usd first quarter eur period,positive
finnish metal product company componenta oyj hel cthv say today net loss narrow eur usd last quarter eur million period year earlier,positive
finnish steel maker rautaruukki oyj hel rtrks ruukki say today net loss contract eur million usd first nine month eur million period year ago,positive
first nine month talvivaara net loss narrow eur million eur million period,positive
first nine month company net loss narrow eur eur million corresponding period,positive
first nine month company net loss narrow eur eur correspond period,positive
adp news feb finnish computer service company proha oyj hel artv say today net loss narrow eur usd eur million,positive
new factory work model reorganisation would decrease nokian tyre cost factory eur million usd,positive
october finnish metal product company componenta oyj hel cthv say yesterday net loss narrow eurm first nine month eur period,positive
finnish fiber plastic product maker suominen corporation say net loss narrow tomillioneuromillionin first nine month frommillioneuromillionin period,positive
second quarter raute net loss narrow eur eur million period,positive
adp news nov finnish print circuit board pcb maker aspocomp group oyj omx acgv say today net loss narrow eur million usd first nine month eur,positive
metsaliitto however narrowed net loss second quarter tomillioneuromillionfrommillioneuromilliona year ago,positive
narrow eur october finnish software hardware developer elektrobit oyj hel ebgv say today net loss narrow eur first nine month eur period year ago,positive
dilute loss per share narrow eur eur,positive
unit cost flight operation fell percent,positive
loss third quarter eurmarket neutralsmaller loss second quarter,positive
february finlandbased steel maker rautaruukki oyj hel rtrks ruukki say today slip largerthanexpected pretax loss eurm fourth quarter yearearlier profit eurm,negative
adpnews feb finlandbased steel maker rautaruukki oyj hel rtrks ruukki say today slip largerthanexpected pretax loss eur million usd fourth quarter,negative
result tax decrease nearly eurmarket neutralcompared nearly eurmarket neutralin previous accounting period,negative
company slip operating loss eur million profit eur million,negative
april finnish construction engineering company outotec oyj hel otev say today slip net loss eur first quarter net profit eur correspond period last year,negative
cramo slip pretax loss eur million pretax profit eur million,negative
finnish solution provider affecto oyj hel afev say today slip net loss eur usd second quarter profit eur correspond period year earlier,negative
comptel slip net loss eur profit eur previous year,negative
profit tax amount eurmarket neutraldown eurmarket neutralin,negative
adpnews feb finnish real estate investor sponda oyj hel sdav say today slip net loss eur million usd profit eur million,negative
adpnews jul finlandbased steel maker rautaruukki oyj ruukki hel rtrks say today slip net loss eur million usd first half net profit eur,negative
profit tax amount eurmarket neutraldown eurmarket neutrala year ago,negative
profit tax decrease percentage eurmarket neutralin first nine month compare eurmarket neutrala year earlier,negative
profit tax decrease eurmarket neutralfrom eurmarket neutralthe year,negative
profit tax eurmarket neutraldown eurmarket neutral,negative
company profit tax fell eurmarket neutralin third quarter compare eurmarket neutralin correspond period,negative
augustoctober company result tax total eurmarket neutralup eurmarket neutralin corresponding period,positive
finnish bore own rettig family grow recently acquisition small shipping company,positive
plan estimate generate eur million usd cost save annual basis,positive
finnish pharmaceutical company orion report profit tax eurmarket neutralin third quarter eurmarket neutralin corresponding period,positive
finnish sampo bank danish danske bank group report profit tax eurmarket neutralin eurmarket neutralin,positive
profit tax period eur eur last year,positive
profit tax eurmarket neutralup eurmarket neutrala year earlier,positive
august finnish measuring equipment maker vaisala oyj hel vaias say today net loss widen eur first half eur correspond period year earlier,negative
finnish power supply solution system provider efore oyj say net loss widen tomillioneuromillionfor first quarter fiscal end october euromillionfor period fiscal,negative
adp news apr finnish business information system developer solteq oyj hel stqv say today net loss widen eur usd first quarter eur peri,negative
salonen add data show producer pulp inventory north america decline,negative
elcoteq group recently announce last three month previous year bring major loss half billion kroon eurmillionfor fifth quarter run,negative
current year raute expect net sale increase operate result positive,positive
turnover surge eur eur due increase service demand especially third quarter overall growth business,positive
result company currently anticipate net sale increase operate result positive,positive
upm delivery increase third quarter percent efficiency operation improve chief executive jussi pesonen say,positive
global sport equipment maker amer sport corp whose brand include atomic salomon wilson saw percent increase thirdquarter net profit euro million million strong sale cost cut,positive
due rapid expansion market share tallink term passenger carriage tallinna sadam port tallinn total percent november percent november,positive
cash flow operation recent quarter also reach eight year low,negative
earnings per share eps amount eur loss eur,positive
earnings per share eps eur loss eur,positive
operating profit total eurmarket neutralup operate loss eurmarket neutralyearonyear,positive
operating profit total eurmarket neutralup loss eurmarket neutralin second quarter,positive
operate result include nonrecurring item rise eurmarket neutralfrom loss eurmarket neutralin,positive
tiimari finnish retailer report geenrated quarterly revenue total eurmarket neutralin quarter eurmarket neutralloss,positive
earnings per share eps amount eur loss eur,positive
operating profit total eurmarket neutralup loss eurmarket neutralin fourth quarter,positive
operating profit eurmarket neutralup loss eurmarket neutrala year earlier,positive
investment operational change enable additional optimisation work hour thereby cost saving percentage percentage,positive
shareholder full name code petri ailus born information please contact isto hantila ceo tel,neutral
september finnish stationery gift retailer tiimari hel tiiv say today net sale rise percentage yearonyear eur august driven growth finland demand baltic remain weak,positive
cet monday share bavarian nordic climb percentage dkk stock exchange copenhagen lose percentage past month,positive
example net sale increase percentage first quarter ebitda increase negative eurmarket neutralin first quarter,positive
growth rate pay national debt extremely painful,negative
customer satisfy basware invoice automation solution extend implementation new geography,positive
separate side business able fast expand develop tapro retail network,positive
accord viking line manage director nilserik eklund company board director satisfy viking line performance,positive
combine deep domain expertise application service management asm outsource service offering prove winning combination,positive
finnish construction company yit oyj say november amillioneuromillioncontract construct new office building local property company tapiola real estate,positive
major order india comptel corporation receive significant longterm order mediation provision solution use lead operator india,positive
olvi post strong set figure first six month year,positive
operating profit improve percentage eurmarket neutralfrom eurmarket neutralin,positive
standardise service meet positive reception among customer well itella,positive
performance second half exceed expectation,positive
ponsse project forest machine market improve expect previous year,positive
ragutis base lithuania secondlargest city kaunas boost sale last year per cent million liter,positive
raisio bid buy glisten winwin deal company chairman snack firm tell justfood today february,positive
aim annual improvement ruukki construction operating profit eur million usd start,positive
transaction positive impact around eurm earnings ruukki recognize fourth quarter year,positive
combine activity create value shareholder good employee customer,positive
trend sport leisure market favorable first month year,positive
january finnish solution provider affecto oyj hel afev say today eur usd contract stateowned lithuanian social insurance institution sodra,positive
finnish construction group lemminkinen award two road building contract lithuanian transport administration,positive
finnish flexible packaging manufacturer suominen corporation report net sale eurmarket neutralin first quarter compare eurmarket neutrala year earlier,positive
finnish metso paper award contract rebuild sabah forest industry sfi pulp mill sabah malaysia,positive
finnish outokumpu technology award several new grind technology contract,positive
finnish rautaruukki award contract supply install steel superstructure partihallsfrbindelsen bridge gothenburg sweden,positive
accord atrium president ceo matti tikkakoski company swedish operation significantly improve first quarter,positive
accord nordic financial group nordea analyst sami sarkamies make nokia portfolio competitive,positive
arvo vuorenmaa loviisa plant general manager say application new licence standard procedure quite confident approval grant,positive
basware ceo ilkka sihvo comment conjunction interim report whole basware succeed well second quarter,positive
cision say sale return operation profitability,positive
citigroup inc nyse announce global transaction service gts business award new mandate finlandbased pohjola bank group,positive
department store sale improve percentage eurmarket neutral,positive
finland national carrier finnair plc carry record million passenger increase percent previous year airline report tuesday,positive
finnair plc carry record million passenger increase percent previous year finnish national carrier report tuesday,positive
finnish consult engineering group poyry plc omx helsinki poy say wednesday october award contract tanqia dibba fzc ownerengineer wastewater system dibba emirate fujairah uae,positive
finnish handle system company cargotec oyj hel cgcbv say today eur million usd contract deliver macgregor hatch cover ship order norwegian shipowner grieg shipping,positive
finnish steel maker rautaruukki oyj ruukki say july amillioneuromillioncontract supply install steel superstructure partihallsforbindelsen bridge project gothenburg western sweden,positive
however broker give outperform recommendation stock,positive
last year sysopen digia invest ibm product knowhow building portal trading place system successfully implement customer solution support,positive
adp news oct finnish consult engineering company poyry oyj omx poyv say today award eur million usd extension exist consultancy engineering contract venezuel,positive
adp news oct finnish food company raisio oyj omx raivv say today net profit jump eur million usd first nine month eur million period,positive
adp news sep finnish security privacy software solution developer stonesoft oyj say today usd million eur order deliver stonegate network security product unnamed russian,positive
outotec net profit second quarter jump tomillioneuromillionfrommillioneuromilliona year ago,positive
pretax profit jump eur million eur million,positive
profitability ebit percentage percentage compare percentage previousyear period,positive
sale improve sekmarket neutralcompared sekmarket neutral,positive
savon koulutuskuntayhtyma finland base company award contract specialist agricultural forestry machinery,positive
skf april alandsbanken give buy recommendation swedish industrial company skf sto skf share price target sek,positive
sport equipment sale also progress well owe prolong winter season,positive
tele affarsvarlden give buy recommendation mobile operator tele share price target crown euro,positive
acquisition immediate positive impact aspocomp financial result,positive
australian company mirabela nickel award outokumpu technology contract grind technology nickel sulfide project bahia state brazil,positive
company also say poland profitability program launch oborniki steel frame sandwich panel plant,positive
group also strong global position fishing category,positive
original name componenta subsidiary finnish componenta group change component company see percentage growth comparison,positive
result improved sale figure sweden,positive
upmkymmene upgrade inline underperform goldman sachs,positive
demand sport equipment good,positive
finlan list food industry company hkscan group control company baltic improve revenue eurmarket neutralto eurmarket neutralin eurmarket neutralin year,positive
finnish airline finnair deal public sector official airline flight london heathrow osaka japan well flight manchester helsinki finland,positive
finnish cargotec kalmar receive significant order department defense,positive
cargotec germany gmbh award contract stadtverwaltung mainz chassis body open procedure,positive
earnings per share quarter also high yearonyear eur versus market expectation eur,positive
ebitda year improve eurm compare eurm,positive
finnish construction group lemminkainen oyj hel lem say today contract provide technical service nevsky centre shop mall open november petersburg russia,positive
finnish software developer basware oyj say november subsidiary basware inc order provide software contract lifecycle management unnamed medical technology company,positive
however sale volume food industry expect remain relatively good level finland scandinavia atrium say,positive
nordea see return positive growth baltic country,positive
operating profit improve percentage eurmarket neutral,positive
operating profit improve percentage eurmarket neutralfrom eurmarket neutral,positive
operating profit improve percentage ermarket neutralfrom eurmarket neutralin,positive
operating profit improve eurmarket neutralfrom eurmarket neutral,positive
previously company anticipate operating profit improve period,positive
productional situation improve,positive
rautaruukki say construction group yit award amillioneur contract supply steel structure new bridge span kemijoki river northern finland,positive
sale come atmillioneur compare withmillionand also beat consensus forecast ofmillioneur,positive
thanks multiply effect wagon performance transport much efficient say development manager juha malkia cargo,positive
company make garden tool scissors consumer good say earnings boost bymillioneur income receive percentage shareholding finnish engineering group wartsila,positive
company anticipate turnover whole surpass previous year eur million,positive
eps improve eur eur,positive
financial impact estimate annual improvement eur division result fiscal year,positive
financial impact estimate meur annual improvement division result start fiscal year,positive
rationalization operation seek achieve eur million yearly save second quarter current financial year,positive
sale result gain eur million second quarter oriolakd support finnish company strategy focus pharmaceutical wholesale retail operation,positive
turun kaupunkin finland base company award contract lemminkainen talotekniikka electrical installation work,positive
moderate significant change result significant percentage reduction estimate cvd risk,positive
uponor improve performance spite decrease residential construction,positive
simultaneously responsibility area extend legal affair cover also merger acquisition,neutral
plant ground continue grow success garden lie well maintain,neutral
poyry contract include engineering management civil detail engineering service time schedule procurement service,neutral
addus service include personal care assistance activity daily live skilled nursing rehabilitative therapy adult day care,neutral
aldata solution oyj bertrand sciard president ceo information aldata solution oyj bertrand sciard president ceo tel aldata percentage retailwholesale aldata percentage business dedicate retail wholesale business improvement,neutral
alfa group percentage vote stock new company telenor percentage free float percentage,neutral
altogether subject mildly elevate cholesterol level participate fourmonth long intervention,neutral
arto ryymin bear replace juhani kaisanlahti work act evp healthcare welfare since august,neutral
capman haavisto responsible group finance accounting,neutral
cablevision system corp cvc madison square garden division own operate new york knickerbockers basketball team also madison square garden arena new york ranger hockey team new york liberty woman basketball team hartford wolf pack hockey team,neutral
capman six investment area capman buyout capman technology capman life science capman russia capman public market capman real estate dedicate team fund,neutral
capman plc press release march jukka ruuska president omx nordic exchange stockholm stock exchange transfer capman effective late september,neutral
cent profile contain business operation company history major product service prospect key competitor structure key employee location subsidiary,neutral
conference call participate via conference call please dial minute begin event europe usa,neutral
construction schedule start apriljune complete early,neutral
found strand associate provide civil environmental transportation electrical mechanical engineering service employee office wisconsin alabama illinois indiana kentucky ohio,neutral
halonen office acknowledge receive letter decline comment,neutral
headquarter city company nearly year old focus sciencebased innovation technology environmental measurement,neutral
lee man combine annual production capacity close million tonne paper tonne pulp,neutral
method smelt spout separate work area shield wall arrange movable relation smelt spout,neutral
necessary strengthen company operation however,neutral
lay succeed walter gnter base finland,neutral
lemminkainen infra subsidiary lemminkainen sverige perform construction work expect start early complete summer,neutral
los angelesbased pacific office property trust acquire own operate office property western focus initially market honolulu san diego los angeles phoenix,neutral
mikko saavalainen head comptel global sale concludes gibtelecom provide perfect illustration variety business technical regulatory challenge operator face today,neutral
professional consumer application include personal navigation personal safety field workflow management asset tracking,neutral
satama trainer house remain name independent brand business area,neutral
mention shareholder suggest monthly salary eur would pay board member outside company,neutral
address location provide local controller preferably wireless transmission address location access appliance control module,neutral
bank also examine benefit transfer swedish business operate branch office operation would govern finland law,neutral
donation grant aalto university university helsinki tampere turku eastern finland jyvskyl oulu vaasa polytechnic announce later,neutral
guidance set basis point midswaps report say,neutral
invention carry international patent publication,neutral
inventor bylander johan ponten fredrik lundberg jorgen,neutral
inventor mukkavilli krishna kiran sabharwal ashutosh aazhang behnaam,neutral
inventor ridge justin bao yiliang karczewicz marta,neutral
issuer solely responsible content announcement,neutral
issuer solely responsible content announcement,neutral
market make accordance agreement begin september,neutral
offer price million include cash million net debt assumption face million worth cencorp share issue savcor,neutral
original patent file finland application,neutral
swedish subsidiary hold percentage net smelter return nsr royalty two advance copper project northern sweden viscaria adak project develop avalon mineral ltd asx avi,neutral
total investment vantaa plant extension amount around million euro okmetic share investment worth around million,neutral
welcome,neutral
need ready window open rosberg say,neutral
director shareholder alike ask practice allow continue,neutral
issue identify stonesoft affect range content inspection technology,neutral
want credit card info personal detail,neutral
dopplr dopplr service smart traveller,neutral
accord sweden minister local government financial market mat odell decision sell state share telecom group teliasonera carry cooperation state finland,neutral
accord capman plc corporate governance majority committee member shall independent company,neutral
accord finnair technical service measure due employment situation,neutral
accord honka japan manage director marko saarelainen honkarakenne export ready make log house japan year,neutral
accord preliminary data slovakia statistic office good worth million import finland january october make percent slovakia total import,neutral
accord seikku retail sector finland control large actor food manufacturer still relatively small,neutral
also sixyear historic analysis provide market,neutral
also sixyear historic analysis provide market,neutral
amanda say already make usd investment commitment russia partner fund july,neutral
invention release patent office say chamber pressurize,neutral
audio webcast available live archive cerner web site wwwcernercom,neutral
basware order match automatically match purchase invoice approve purchase order,neutral
capacity facility make finland vaahto group ton light coat paper,neutral
capman asset manager eur worth asset management nordic region,neutral
capman four investment area capman buyout capman technology capman life science capman real estate dedicate team,neutral
castecka say town hall would hold talk investor interested zone,neutral
change announce today effective close trading friday june,neutral
chs expo freight major finnish fair exhibition culture logistics company provide logistics service various event land air sea,neutral
competition authority approve deal finalize,neutral
complete name shareholder otto henrik bernhard nyberg information please contact maijaliisa friman ceo tel,neutral
completion transaction subject final agreement due diligence process,neutral
construction expect complete summer,neutral
dragonfly love another video shot start finish use nokia,neutral
elcoteq electronics manufacture service business segment serf customer globally engineering manufacturing fulfillment service,neutral
eqt complete exit salcomp finnish company make mobile phone charger sell remain stake swedish investment group nordstjernan euro million million,neutral
financialwire cooperation investrend broadcast syndicate also provide complete daily conference call webcast schedule service shareholder investor via firstalert network oefirstalert daily,neutral
follow registration number issue outstanding share basware,neutral
fortum previously buy stateheld stake tgk rao ues reform,neutral
goodwill intangible asset account somemillioneuromillionof purchase price percentage payable aspo share,neutral
harold young independent broker work closely several retailer include ahold usa market basket wholesale club hannaford cumberland farm,neutral
honkarakenne mainly export large luxury log house russia use onefamily house holiday home percentage sale moscow region percentage petersburg region remainder location,neutral
provide manage service nokia take responsibility building operate transfer well optimise indosat network,neutral
today business preempt consumer want say mohammed zainalabedin general manager zain bahrain,neutral
insurance policy simple,neutral
member oneworld alliance include american airline british airway,neutral
expect complete end,neutral
provide heat form hot water sawmill need,neutral
asset management expert manage asset worth eur billion,neutral
jon risfelt year old hold master science chemical engineering swedish royal institute technology,neutral
juha haapakoski continue editorinchief budget responsibility also new publisher,neutral
jun boy genius report deliver newstex nokia nyse nok huh,neutral
last july group say intend relocate warehouse office space loudeac saint marcel morvillars east france already operate hook manufacture distribution unit,neutral
lkab headquarter lulea sweden hightech mining company produce upgraded iron ore product steel industry,neutral
look vintage fabric cushion cover coffee pot ceramic serve dish cocktail glass stainless steel party dish,neutral
name applicant jot automation oyname inventor mammila tuomo piirainen mika kellokoski mikaapplication kolnp adate filing application publication date,neutral
national sponsor big read include national endowment art cooperation institute museum library service art midwest,neutral
neste oil corporation refining operation asset summary report summary neste oil corporation refining operation asset summary report essential source company data information,neutral
share hold company number outstanding share vote right attach share amount thus,neutral
oka specialise new construction renovation work residential nonresidential building well premise industrial logistical use,neutral
okmetic board director also decide new share ownership program direct company top management,neutral
panostaja headquarter tampere finland investment company focus small mediumsized finnish company operate traditional industry,neutral
pertti ervi independent company major shareholder,neutral
please inform johanna koskinen participation later april telephone conference financial analyst investor conduct english begin finnish time eet,neutral
previously plant expect complete end,neutral
prothious engineering wwwprothiouscom employ large portfolio project annual detail capacity tonne,neutral
rapala aim move distribution unit ragot loudeac bretagne distribution unit waterqueen fish line supplier tortue saint marcel central france morvillars,neutral
rapala tournament fish major title already holiday bargainpriced game rapala aim small audience,neutral
rfid radio frequency identification method socalled intelligent transport whereby information read save remotely,neutral
sanoma also executive committee accordance company article association prepare proposal matter decide note board director,neutral
sarantel base wellingborough design highperformance antenna portable wireless device,neutral
share acquire accordance section rule nasdaq omx helsinki rule applicable acquisition share,neutral
succeed krister kylas decide leave teliasonera,neutral
shuweihat get way july project award desalination power contractor,neutral
simmons elect dcuc chairman portsmouth nhgordon simmons ceo service credit union elect chairman defense credit union council term,neutral
stock exchange release sanoma publish annual report financial statement first corporate responsibility report,neutral
stockholmbased nordea bank sto nda say yesterday hire casper von koskull lead corporate merchant bank capital market unit effective september,neutral
swedish finnish danish list company organize three market cap segment nordic large cap mid cap small cap,neutral
symphony service provide development service aldata gold,neutral
tekla provide software build infrastructure engineering focus build information model steel concrete structure design construction,neutral
teleste hybrid solution include component whole process deliver video service consumer content acquisition service creation delivery range access solution include hfc hybrid fibrecoaxial xdsl etth ftth,neutral
agreement valid four year,neutral
broker start upmkymmene stora enso sappi equalweight recommendation holmen norske skog underweight rating,neutral
business sale euro million million responsible sale marketing lanxess paper chemical business kemira buy euro million early year jan,neutral
business section also include ahlstrom sustainability report,neutral
commission say hydrogen peroxide market worth million euro,neutral
company presently examine whether project would financially feasible,neutral
company study feasibility focus process meat production vantaa facility processing fresh meat forssa facility,neutral
company specialise temporary electrification heat construction site,neutral
dividend payable february shareholder record january,neutral
eur million nonrecurring expense record third quarter,neutral
event follow online via orion finnish homepage wwworionfi well via kauppalehti live web service wwwkauppalehtifilive,neutral
extraordinary general meeting expect take place later february,neutral
first two project phase expect completed end,neutral
group intend relocate warehouse office space loudeac saint marcel morvillars east country already operate hook manufacture distribution unit,neutral
group own operate fleet dwt container capacity teus manages diversify fleet railway roll stock unit,neutral
hayward califbased target design active casual dress footwear well boot sandal,neutral
lemminkainen group headquarter helsinki finland operate sector construction industry civil engineering building contract technical building service build material industry,neutral
marubeni group focus create value chain upstream downstream encompass wide variety business field include oil gas metal mineral resource food pulp paper chemical among others,neutral
new share carry right dividend shareholder right effect today,neutral
office space rise remodel cannon street underground station,neutral
oxyview pulse oximeter common device check patient bloodoxygen saturation level pulse rate,neutral
project expect complete,neutral
reason petersburg status capital one participant meeting quote chikunov say,neutral
report provide detail profile ten lead european specialty chemical company brief profile major player,neutral
report profile company include many key niche player worldwide black decker corporation fiskars corporation fiskars brand inc husqvarna outdoor product inc group ryobi technology inc scott miraclegro company van group inc,neutral
report profile company include many key niche player worldwide black decker corporation fiskars corporation fiskars brand inc husqvarna outdoor product inc group ryobi technology inc scott miraclegro company van group inc,neutral
server responsible manage device user account desktop client application enable remote access mobile phone,neutral
share share capital mention shareholder remain percentage,neutral
share shall repurchase public trading reason share repurchase otherwise proportion hold shareholder,neutral
subsidiary responsible filter sale local assembly filter market service china,neutral
total value project value sek eur usd,neutral
trade accordance agreement announce march,neutral
transaction expect complete next spring,neutral
write publication lemminkinen history continuation earlier collaboration antti tuuri company,neutral
product include personal communication product mobile phone part home communication product settop box electronics flat panel well communication network product basestations towertop amplifier microwave system,neutral
check make bid deka showroom fortitude valley,neutral
uponor maintains fullyear guidance,neutral
utah capital want next headquarters amer sport corp skiequipment company,neutral
would like see change nokia next attempt,neutral
complete meter watchtower high building ireland,neutral
viking pay eur million new ship complete january,neutral
assa abloy kaupthing bank give neutral recommendation share price target crown euro swedish lock maker assa abloy,neutral
aim understand different traffic pattern base use building,neutral
vaalipalveluservice especially develop use community organization,neutral
industry come interesting fork road handset manufacturer wireless carrier attempt serve portal webbased service wireless handset write,neutral
dinner conference program also view live audio webcast internet page wwwcityconcom,neutral
plumb business announce sponsor professional dart player,neutral
coq special develop bicentenary company trade mark brewer say,neutral
another noticeable thing search tata airtel brand mostly related broadband connection,neutral
aspo also investigated sale opportunity kaukomarkkinat electronics business,neutral
begin subscription period may share subscription price option right eur per share,neutral
walden ignatius responsible also newspaper business result,neutral
capitex kalmar continue responsible maintenance technical development service,neutral
change asbuilt model design communicate subcontractor accommodate steel grc glass reinforce concrete fabrication process,neutral
customer wide range industry use stainless steel service worldwide,neutral
exel want serve industrial customer individual product,neutral
finnish bank pohjola bank plc hel pohs say today issue eur million usd indexlinked bond pohjola tutkimuksen tahdet viii pohjola research star viii october,neutral
merisatama far corner world asfaltti osakeyhti lemminkinen establish group master builder helsinki specialist business subcontractor,neutral
fsecure developer security solution service internet service provider mobile operator announce result annual online wellbeing survey,neutral
kemira record revenue approximately eur billion staff,neutral
accordance term condition alma medium option program share subscription price option right eur per share book countervalue eur per share,neutral
penttil vision important reason transaction russia,neutral
also confirm earnings guidance whole issue report whole,neutral
handpainted resin real treble long deep top bottom middle hook,neutral
part development worldclass magnetite deposit karara know potential million metric ton annual processing magnetite estimate year life,neutral
operates three distinct brand unite supermarket market street unite supermercado,neutral
kaupthing bank publish annual result market open thursday january,neutral
london afx european broker recommendation issue today collate afx news range market source,neutral
fine print,neutral
master business administration mba,neutral
special event three county four month host library system nine branch library,neutral
laakso responsible hkscan function development group smarket area,neutral
new delhi july sahlberg teppo kallio timo mustonen tuomas real oyj espoo finland develop novel mark method produce,neutral
nokia siemens network provide mobile fix network infrastructure communication network service platform well professional service operator service provider,neutral
share hold company group company number outstanding share vote right attach share thus amount,neutral
outotec scope delivery cover engineering supply special equipment service calcination plant two circulate fluid bed calciners,neutral
outotec scope delivery include design basic engineering supply proprietary equipment sinter plant grate area square meter,neutral
participant book discussion special event visitor car dealership eligible enter draw silver fourdoor altima,neutral
peigs wwwpeigsse become part sardus latta maltider light meal unit,neutral
product coverage bake good biscuit breakfast cereal data coverage market size historic forecast company share brand share distribution data,neutral
quality charger chargz brand sell select retail store sale location worldwide,neutral
group loyal customer magazine yhteishyv come second reader sanoma corporation daily newspaper helsingin sanomat third reader,neutral
scopi chief business excellence officer eng,neutral
subjectmatter invention furthermore use cyclone separate partly melt particle,neutral
take cue playbook east dillon lion create special team heavyhitting style player bootcut jean tummy top course cowboy boot,neutral
tekla defense business employ person locate espoo finland,neutral
tekla organize information meeting analyst medium wtc helsinki marski meeting room aleksanterinkatu day light lunch serve,neutral
annual general meeting approve yearly remuneration member board director shall remain eur chairman board eur deputy chairman board eur member board,neutral
board machine wire width design speed mmin produce close tonne fold boxboard per day,neutral
change hold accordance chapter section finnish security market act describe,neutral
company also appoint leif rosen head special plate unit include quarto plate unit degerfors sweden new castle usa unit willich germany well pressplate prefab avesta plate service centre nordic degerfors,neutral
company design manufacture market advance composite product industrial application consumer good crosscountry alpine nordic walk pole floorball stick antenna radome,neutral
company own state finland european aeronautic defense space company eads tekla international software company provide solution build construction energy distribution municipality,neutral
company say currently french distribution unit ragot locate loudeac normandy distribution unit waterqueen line supplier tortue saint marcel midfrance hook manufacture unit vmc hook distribution unit vmc europe morvillars,neutral
contractor shopping center china state construction engineering corporation previously build airport hotel factory large international customer different part world,neutral
correct chapter entirety,neutral
deal worth eurmarket neutral,neutral
event also view live webcast wwwcargoteccom,neutral
investment worth approximately eurmarket neutral,neutral
mill concentrate get supercalendered line run satisfactorily restart old newsprint line,neutral
number customer one important parameter determine price electricity network,neutral
order value eurm,neutral
order value usd,neutral
order worth eurmarket neutral,neutral
prerequisite inclusion program receipt gain key employee acquire aspo share amount determine board advance maximum,neutral
record date dividend distribution march,neutral
samsung mobile application store launch january samsung mobile innovator program enables mobile software developer create application use across samsung mobile device,neutral
solid fuel heat sludge mixed therein,neutral
study evaluate safety tolerability pharmacokinetics repeat dos intravenously administer antibody patient active plaque psoriasis,neutral
total donation amount eur,neutral
total investment necessary eurm company estimate,neutral
total project duration three year value eur,neutral
total scope project square metre value total around eurm,neutral
responsible operation customer relationship development,neutral
implementation important operator since launch fixedtomobile convergence service brazil see brazil may,neutral
organization assume responsibility operation russia,neutral
thus group balance sheet eur million goodwill company add,neutral
thus group balance sheet eur goodwill company add,neutral
timo penttila appoint new manager responsible asset management nordea institutional customer finland,neutral
see new register subscribe newspaper,neutral
trading new share right dividend distribution fund start exchange helsinki tomorrow,neutral
upmkymmene wwwupmkymmenecom produce magazine paper newsprint well fine specialty paper convert material wood product,neutral
vehvilainen currently chief operate officer nokia siemens network join finnair january take ceo effective february,neutral
yara suomi ltd also provide nitrogen chemical technical nitrate various sector industry well product use environmental protection,neutral
net sale finnish sanoma learn literature finnish medium group sanoma decrease percentage januaryjune total eurmarket neutraldown eurmarket neutralin corresponding period,negative
morgan expect scala low nobel biocare growth forecast current guidance percentage well operate margin target current percentage,negative
furthermore sale new passenger car light commercial vehicle country decline percentage yearonyear last month,negative
profitability ebit percentage percentage compare percentage,negative
sale midstrength beer decrease percentage,negative
finnish lifting equipment maker kone oyj say october order worthmillioneuromillionto deliver total custom design elevator norwegian shipbuilder aker yard asa,positive
company make marketing sale investment initiate even efficient,positive
stock trading map day map sek high day map sek bullish indicator,positive
pleased effort negotiate team look forward productive four year ahead,positive
helsinki thomson financial kone say four order saudi arabia united arab emirate qatar worthmillioneur,positive
adp news finnish handling system provider cargotec oyj hel cgcbv announce friday order worth eur million usd deliver linkspans jordan morocco ireland,positive
merrill lynch analyst campbell morgan upgrade recommendation paperlinx neutral buy may,positive
outotec oyj press release february outotec two large mineral processing technology order mirabela mineracao brasil ltda brazil cumerio med jsco bulgaria,positive
outotec say new order worthmillioneur quarter compare withmillioneur year earlier,positive
raute say order worth aroundmillioneur supply several plywood production line mill operate russian wood product company sveza group,positive
brokerage say see true turn point european steel base price well pricing see carry second quarter,positive
location make mall convenient place shop consumer three large residential area nearby jaroszowka wysockiego zgody,positive
line stone sale also good early autumarket neutraland order book strong end year,positive
vessel order help aspo secure longterm competitiveness fleet term technology pricing,positive
december finnishgerman telecom equipment maker nokia siemens network say today contract upgrade radio network homebased telecommunication company elisa oyj hel eliv,positive
finnish kci konecranes award order four hot metal ladle crane indian steel producer bhushan steel strip deliver,positive
vaahto pulp paper finnish vaahto group award order renovate finnishswedish forest industry company stora enso paperboard machine ingerois board mill finland,positive
combine two producer create strong eubased fertilizer industry capable meeting global competition add,positive
helsinki afx kci konecranes say order four hot metal ladle crane indian steel producer bhushan steel strip ltd,positive
helsinki afx outokumpu say technology unit amillioneur contract bosniaherzegovina aluminij mostar upgrade anode plant,positive
london lead share today jump almost point percentage market open,positive
mika stahlberg fsecure lab say excited proud fsecure recognize avcomparatives product year,positive
policy also aim make company profitable competitive,positive
finland lead metal group outokumpu say fourthquarter net profit triple back strong global demand stainless steel soar base metal price proceeds sale technology unit,positive
company poser want impress people late handset,neutral
accord post world intellectual property organization present invention relate hydrocarbon particularly manufacture hydrocarbon component suitable aviation fuel jet fuel blend stock aviation fuel,neutral
exactly happen recent weekday east baker bring remind resident easter tradition make wheat rice pie,neutral
investment investment activity communication relate available relevant person engage relevant person,neutral
fortum need clear signal commitment government permit available company start next round kuula say,neutral
addon order contains among others control valve instrumentation well complete mill engineering electrification metso drive control,neutral
repurchase bond execute open market accordance section term condition convertible bond,neutral
finnish raute precision supply weigh dose system plant change name lahti precision,neutral
finnish suominen corporation make wipe nonwovens flexible packaging plant near warsaw poland make flexible packaging,neutral
france tlcom spent time study teliasonera potential takeover target shareholder want sell pellissier say,neutral
support nokia phone include ngb eei touch xpress classic navigator classic navigator,neutral
machine annual production capacity tonne supercalendered magazine paper paper grade base recovered fiber stora enso say,neutral
moscow metro wwwmosmetroru first metro system europe implement smart card together new type magnetic card,neutral
total scholarship amount euro recipient choose recommendation fine art university sport association,neutral
invention release patent office say noncoherent search matrix form say correlation function matrix,neutral
stakeholder comptel involve workshop meeting file comment issue great importance competitive sector industry,neutral
patrick jeambar also continue responsible innovation health safety environment hsea function ahlstrom corporation,neutral
sanoma learn literature offering print digital learn material present eleven country,neutral
costanza light aluminum base washable shade come white pistachio orange blue red,neutral
process technology project management basic engineering quality assurance within forest industry consolidate vantaa southern finland,neutral
test conduct nokia siemens lte center competence espoo finland follow company production start lteready flexi multiradio base station mhz band april complement earlier test nokia mhz mhz band,neutral
share royal sun alliance continue slide back month high last month potential suitor rule takeover bid,negative
manage director comment net sale first quarter notably low year especially finland russia baltic country,negative
sale climb percentage tobillioneur surpass themillioneur consensus figure,positive
suominen corporation estimate costcutting program start autumarket neutralhigher sale price expect growth volume wet wipe make company operation profitable,positive
finnish oko bank sign cooperation agreement raiffeisen concern finnish company investment russia,positive
cooper distributor lift equipment manufacturer konecranes fiveyear deal involves low maintenance fuel save technology,positive
report period biotie north american licensing partner somaxon pharmaceutical announce positive result nalmefene pilot phase clinical trial smoking cessation,positive
significant milestone benefon help secure critical usp personal navigation product roadmap beyond commented simon button chief technology officer benefon,positive
investor continue interested company share although quite cheap affarsvarlden say,positive
year personal entertainment play significant role determine whether fitness facility workout experience pleasurable chore say brian wilson director marketing precor entertainment service division,neutral
agreement must approve russian competition authority enters force,neutral
total amount subscription price record fund invest nonrestricted equity,neutral
kemira installation nordalu produce ton liquid solid aluminum waste per year,neutral
skogster currently serf manager responsible abb system module low voltage drive,neutral
counter competitor strength target weakness,neutral
found bioview automate laboratory test especially diagnostic test cancer,neutral
fivestorey ecoefficient building gross floor area also include apartment,neutral
stena poseidon socalled panamax tanker design able narrow passage panama canal lock,neutral
market expect poor performance company stock percent xac early afternoon trading helsinki,positive
exclude nonrecurring item pretax profit surge percentage eurm,positive
adp news feb finnish retailer kesko oyj hel kesbv say today total sale exclude value add tax vat stand eur million usd january percentage yearonyea,negative
talentum expect net sale core business increase compare,positive
accord pkc acquisition would bring significant addition pkc customer base,positive
end review period nordic aluminium order book stand eurmarket neutralcompared eur,positive
net sale operating profit record high company history,positive
favourable currency rate also contribute high net sale ceo kari kauniskangas say,positive
fiskars yearold global business best know orangehandled scissors expect derive synergy eur million year consolidate certain part housewares division two compete,positive
fullyear net sale expect increase approximately percentage company say,positive
april finnish forest machinery equipment maker ponsse oyj hel ponv say today expect swing net profit eur first quarter eur loss year earlier,positive
india trade russia currently stand four billion dollar grow per cent fiscal,positive
lithuanian beer maker sell million liter beer rise per cent yearearlier figure million liter,positive
net sale revenue per passenger expect increase,positive
return investment percentage compare percentage,positive
company move operating profit eur versus operating loss eur also turn eps eur versus loss per share eur,positive
price raw material aluminium end company considers outlook favourable,positive
refine margin year bbl compare bbl prior year,positive
viking line manages well current ferry,positive
scania morgan stanley lift share target swedish heavyduty truck bus maker scania crown euro crown euro,positive
recommendable nokian accord adac judgement late summer tyre test german automobile association adac,positive
finnish vacon sign significant deal norwegian scandinavian electric system supply drive,positive
finnishswedish tietoenator expand business quickly russia,positive
hkan dahlstrm head mobility service teliasonera forecast mobile data volume teliasonera network sweden rise eightfold,positive
cost save rise somemillioneur year oko say,positive
finnish elevator escalator maker kone corporation say tuesday march receive major order sir robert mcalpine supply elevator escalator watermark place project city london,positive
consolidated earnings tax total eur compare eur net profit eur compare eur previous year,positive
deal likely bring save eurmarket neutralmarket neutral,positive
middle east north africa tecnotree grown considerably recent year,positive
may finnish electrical component maker salcomp hel salv say today turn net profit eur first quarter versus loss eurm correspond period last year,positive
end number outlet rise,positive
first quarter marktomarket result pretax profit eur million versus loss eur million period last year,positive
incap contract manufacture service private limited inked agreement six new customer india,positive
also say third quarter dilute eps come eur compare eur quarter year ago,positive
also turn earnings per share eps eur versus loss per share eur,positive
also turn earnings per share eps eur versus loss per share eur,positive
also strengthen ruukki offshore business,positive
last week finnish metal technology group announce plan sell percent technology unit company strategic goal become world large stainless steel maker,positive
manavigatorseptember kemira unveils indian ivrcl finnish chemical group kemira hel krav tuesday announce inked deal form joint venture india local construction firm ivrcl infrastructure project ltd bom,positive
mreal sale expect increased percentage yearonyear eurm second quarter,positive
neste oil board propose eur dividend fullyear compare eur year ago,positive
net interest income total eurmarket neutralcompared eurmarket neutrala year earlier,positive
net profit wasmillioncompared withmillion,positive
net sale expect percentage,positive
operating loss eurmarket neutralcompared loss eurmarket neutralin second quarter,positive
operating profit eurmarket neutralcompared loss eurmarket neutralin corresponding period,positive
pretax loss total eurmarket neutralcompared loss eurmarket neutralin first quarter,positive
pretax profit total eurmarket neutralcompared loss eurmarket neutralin fourth quarter,positive
previously deliver custom solution electronics make commercially available mobile terminal vendor well wireless operator,positive
rapala say estimate make save ofmillioneur year centralise french operation one site,positive
reuse back pet bottle also steadily increase rate use strap tape pick dip petcore say previously,positive
sale expect increase end year however,positive
satama net sale would higher year,positive
systeemitiimi sale project resource also strengthen director paul skogberg say,positive
action expect deliver annual cost save eurm,positive
company well position brazil uruguay,positive
company report loss period eurmarket neutralcompared loss eurmarket neutralin corresponding period,positive
company turn earnings per share eps eur versus loss per share eur,positive
fourth quarter saw rapala swing back pretax profit ofmillioneur year earlier loss ofmillionon back percentage uplift sale tomillioneur strong performance north america,positive
soapstone deposit medvezhyegorsk area expect increase tulikivi current reserve considerably,positive
measure expect produce annual cost save eur million start,positive
bring cost save eurmarket neutrala year,positive
via move company aim annual save eurm main part expect realized year,positive
july finnish steel maker rautaruukki oyj hel rtrks ruukki say today turn net profit eurm second quarter net loss eurm correspond period last year,positive
october finnish wood product technology supplier raute oyj hel rutav say today swung net profit eurm first nine month versus net loss eur period year earlier,positive
february finnish broadband data communication system provider teleste oyj hel tltv say yesterday net profit rocket eur eur lift dividend proposal,positive
february finnish broadband data communication system provider teleste oyj hel tltv say wednesday net profit rocket eur eur lift dividend proposal,positive
cargotec corporation press release august finnish time cargotec macgregor business area provide marine cargo handle offshore load handle solution receive significant offshore crane retrofit order,positive
ebit total eurmarket neutralcompared loss eurmarket neutralin corresponding period,positive
finnish broadband data communication system provider teleste oyj hel tltv say yesterday return net profit eur million usd first nine month versus net loss eur period,positive
finnish consumer packaging manufacturer huhtamaki oyj say swung net profit ofmillioneuromillionin first nine month net loss ofmillioneuromillionin period,positive
finnish dental care group oral hammaslaakarit oyj post total net profit euromillionin first nine month versus net loss euro period,positive
finnish consultancy satama interactive oyj post net profit ofmillioneuromillionfor first nine month compare net loss euro period,positive
finnish pulp paper machinery maker vaahto group oyj swung amillioneuromillionnet profit fiscal end august euro net loss fiscal,positive
finnish silicon wafer manufacturer okmetic oyj say swung net profit ofmillioneuromillionin first nine month net loss ofmillioneuromilliona year earlier,positive
second quarter company net profit eur compare net loss eur apriljune,positive
therefore seem finnish ship company viking line get subsidy need order new lngfuelled vessel,positive
jarmo honkamaa head oil refining business neste oil say situation look promising viewpoint,positive
adp news feb finnish print circuit board pcb maker aspocomp group oyj hel acgv say today swung net profit eur usd versus net loss eur million,positive
adp news nov finnish retail software developer aldata solution oyj omx aldv say today swung net profit eur million usd first nine month versus net loss,positive
mformation nokia note establish interoperability agreement cover commercially proven standardsbased management mobile device well mobile device security mobile application management,positive
market neutraland pretax profit eurmarket neutralfrom eurmarket neutralin third quarter,positive
net sale however increase,positive
operating profit total eurmarket neutralcompared eurmarket neutralin correspond period,positive
profit tax eurmarket neutralcompared eurmarket neutralthe previous year,positive
profit period eurmarket neutralcompared eurmarket neutralin,positive
quarterly dilute eps continue operation come eur compare last year eur,positive
raute post net profit ofmillioneuromillionfor third quarter compare net loss euro corresponding period,positive
return equity stand percentage compare percentage third quarter,positive
russian export duty activate harvest finland sale russia increase also,positive
company expect net sale significantly increase,positive
company net profit amount eemarket neutralwhich percentage,positive
optimization steel component heat process reduce energy consumption,positive
new partnership agreement represent significant milestone party,positive
tiimari latvian representative ineta zaharova say company earn lvl profit time,positive
inge larsen cfo share represent percentage share capital,neutral
forecast percentage,neutral
share capital alma medium corporation business eur divide share,neutral
company list nordic exchange helsinki,neutral
incap contract manufacture carry manufacturing agreement factory tumkur near bangalore,neutral
operate nokia support nokia netact network service management system,neutral
comptel corporation publish financial statement february,neutral
shop locate capital region paijathame region,neutral
annual net sale unit eur million currently employ people,neutral
follow workday customer check home computer purchase divide different ingredient group much energy various product contain nutritional content purchase,neutral
name company hold acquire citycon oyj,neutral
basware headquarter espoo finland,neutral
store locate poznan shop center name pestka company add,neutral
seat would edgar edmonds american experience clothe retail industry christian fischer austrian experience winter sport good business,neutral
ahlstrom employee serve customer via sale office production facility country six continent,neutral
raute headquarter nastola finland technology company serve wood product industry worldwide,neutral
accord late information benefon launch twig device september,neutral
report capman plc ceo heikki westerlund,neutral
price specify completion date,neutral
total million invest project,neutral
finnish consultancy satama interactive oyj say november jarmo lonnfors take position ceo,neutral
nordea definitely big sampo acquire say analyst sampo would appear agenda nordea ahead privatisation,neutral
room modify share component already indicate,neutral
could,neutral
central office nordea bank ulitsa yamskogo polya build telephone ext unimilk egm xvi international businesssummit food business russia take place,neutral
share still subscribe series share option max,neutral
new share option right plan package company huhtamaki oyj report monday total new share company issue base share subscription option right plan,neutral
meet medium analyst hold day stonesoft headquarters helsinki italahdenkatu interim report present stonesoft ceo ilkka hiidenheimo,neutral
meet glisten shareholder vote bid hold march,neutral
replay available october follow number caller nonus caller access code,neutral
percentage come aspo chemical percentage aspo shipping percentage aspo system,neutral
percentage evraz group share own lanebrook whose beneficiary one hand millhouse hold company asset billionaire roman abramovich business partner percentage evraz executive alexander abramov alexander frolov percentage,neutral
aker yard finland begin use chinese subcontractor finnish shipyard,neutral
finnish food industry company lnnen tehtaat plan change fish product business,neutral
accord business medium report usmanov plan transfer megafon stake statecontrolled svyazinvest exchange stake merge rostelecom,neutral
accord gallup food farm fact beef consumption totaledmarket neutralkilos finland,neutral
accord company decision issue make summer early summer late,neutral
accord finnishrussian chamber commerce major construction company finland operating russia,neutral
accord notification hold ameriprice inc group company total share represent percentage tekla share vote right,neutral
sale savcor group ltd comprise savcor art corporate function investment cencorp corporation,neutral
ahlstrom share quote nasdaq omx helsinki,neutral
ahlstrom share quote nasdaq omx helsinki,neutral
yit capital market day material available company internet site wwwyitgroupcominvestors september,neutral
alma medium hold percentage company remain share own company key employee,neutral
almost entire office building occupy metso,neutral
also development online business continue,neutral
part agreement employee john deere forestry documentation function transfer dokumentori,neutral
alternative share exchange panostaja offer full cash consideration value euro per share,neutral
eet alma medium annual report schedule publish calendar week,neutral
endaugust sampo nordea big shareholder percentage stake follow state percentage,neutral
first solteq service company operate petersburg area include maintenance material management system data collection solution,neutral
autotank group part aspo system division,neutral
fki john jiang work several general manager senior business consultant position international company china,neutral
bid offer include least share value share must correspond least eur,neutral
capman say deal effect cash flow total eur transaction would affect financial result execute fair value,neutral
catalyst segment include refinery catalyst polyolefin catalyst product category,neutral
componenta metal sector company international operation production plant locate finland netherlands sweden turkey,neutral
consist seven interconnected unit mega image logistics center metre length metre height,neutral
construction work helsinki music centre start autumarket neutralwith total cost project estimate million euro,neutral
copyright afx news afx financial news logo register trademark afx news limit,neutral
cramo headquarter vantaa finland rent construction machinery equipment well rent sell modular space,neutral
currency conversion base exchange rate time deal,neutral
currently terminator lure produce subcontract facility mexico manufacturing transfer rapala factory shenzhen china,neutral
destia finnish infrastructure construction service company build maintain design traffic route industrial traffic environment also complete living environment,neutral
digia also set two subsidiary digia norway digia usa inc,neutral
share entitle one vote,neutral
year dividend deduct subscription price,neutral
earnings per share eps amount eur,neutral
elcoteq global network market service site long experience serve consumer electronics system solution customer,neutral
elcoteq list nasdaq omx helsinki ltd,neutral
electronic version require hour copy customize client digital control custom watermark,neutral
elisa corporation disclose financial statement thursday february,neutral
erkki jarvinen president rautakirja head sanoma trade division leave current task spring similar position outside sanoma group,neutral
ethanol would make barley production could start,neutral
exel composite brief exel composite technology company design manufacture market composite profile tube industrial application,neutral
exel headquarter mantyharju finland,neutral
fancy dans move fab glasgow gift interior store fancy dans move,neutral
financial statement include consolidated financial statement group board director report auditor report corporate governance statement,neutral
financialwire press release service receive compensation news opinion distribution,neutral
finnish bank land launch longterm pension save account begin june,neutral
finnish samporosenlew manufacture approximately seven forest machine monthly half machine export,neutral
finnlines six ship construction china delivery schedule first quarter final quarter,neutral
finnlines announce week measure take tackle situation,neutral
follow issue new share constitute percent firm capital,neutral
found finnair one world old airline fly destination fleet aircraft employ people,neutral
glaston share glav list nasdaq omx helsinki mid cap list,neutral
ground notification tiimari plc issue capital convertible loan allocation decision board,neutral
gypsii service support ten different language include korean russian,neutral
confirm view july,neutral
however offering probably make current valuation partly derive deal company merge stock market shell,neutral
huhtamaki oyj stock exchange release huhtamaki capital market day institutional investor analyst hold espoo september start finnish time,neutral
honkarakenne start production need partner sawmill operation,neutral
addition tulikivi corporation also currently member board follow company altia corporation jrvisuomen portti osuuskunta osuuskunta kpy profile vehicle voimatel,neutral
future plant focus production flange profile wind farm tower,neutral
incap corporation stock exchange announcement april invitation news conference incap interim report incap publish interim report januarymarch wednesday may,neutral
ionphase second major owner venture capital firm aura capital,neutral
iso omena base matinkyla district southern part city espoo southern finland,neutral
itg share deal estimate euro,neutral
customer include local company slo kiilto toptronics normark suomi pellonpaja mansner,neutral
jensen njastein mike critch head dovre north america business unit report toivola,neutral
kemira headquarter helsinki finland international chemical group comprise business area kemira pulp paper kemira water kemira specialty kemira coating,neutral
kemira partner project petersburg water work,neutral
kone list nordic exchange helsinki,neutral
operative finland sweden latvia russia norway,neutral
latvia stockmann shop mall subsidiary finland stockmann plc,neutral
leed internationally recognize green build certification system develop green building council,neutral
china unicom nyse chu hkse shse second large mobile carrier country,neutral
metsabotnia finance payment dividend repayment capital repurchase share fund derive divestment uruguay operation share pohjolan voima utilise exist financing facility,neutral
metso delivery include complete coat board line relate air system two winder,neutral
dividend grimaldi family,neutral
neste ship likely remain finnish oil sector transport significant emergency supply,neutral
net investment income,neutral
compensation news opinion distribution,neutral
financial detail disclose,neutral
company net sale percentage acquire finland percentage european country percentage asia percentage,neutral
official disclose contract value,neutral
otherwise situation control,neutral
customer come follow country usa spain france italy germany china hong kong sweden norway netherlands austria belgium switzerland czech republic finland canada russia ukraine denmark ireland south korea liechtenstein,neutral
customer come follow country usa spain france italy germany china sweden norway netherlands austria belgium switzerland czech republic serbia finland canada russia ukraine portugal denmark ireland south korea estonia liechtenstein,neutral
paychex office serve approximately payroll client nationwide may,neutral
payment share shall effect subscription,neutral
digital guatemala use tecnomen prepaid system telgua fix network well code division multiple access cdma global system mobile communication gsm since,neutral
poyry global consulting engineering firm focus energy forest industry infrastructure environment sector,neutral
production schedule start end april,neutral
publish globe online israel business news wwwglobesonlinecom november copyright globe publisher itonut ltd,neutral
ramirent finland domestic unit machinery rental company ramirent oyj hel rmrv,neutral
raute list nordic exchange helsinki,neutral
registration require,neutral
related link flexiblebaseloadoperation thewartsilagenerating set gasconversions shorter two version press release,neutral
rosendal outoteccom eila paatela vice president corporate communication tel email eila,neutral
runway visual range calculate assessment distance pilot see runway,neutral
salcomp charger manufacturing plant india locate nokia telecom park state tamil nadu eastern part india,neutral
saunalahti part elisa group,neutral
say brian burton head security vodafone,neutral
seller finnish elcoteq group large european electronics manufacturing service company,neutral
solteq plc announcement share repurchase helsinki stock exchange solteq plc hold total share include share repurchase,neutral
recent technology delivery include refinery technology anrak aluminium iron ore pelletizing plant tata steel iron ore sinter plant bhushan steel,neutral
srv also build aqua park wellness area restaurant multifunctional ice arena,neutral
ssh communication security corporation headquarter helsinki finland,neutral
ssh communication security corporation headquarter helsinki finland,neutral
steek set base bordeaux southwestern france,neutral
stockmann plc company announcement february annual summary stockmann stock exchange financial press release available company website address wwwstockmanncom,neutral
sullivan say board really involve lot work people get pay time,neutral
suomen paikallissanomat part alma medium group currently publish local newspaper across finland,neutral
talvivaara list london stock exchange main market nasdaq omx helsinki include ftse index,neutral
tecnotree convergent charge solution include functionality prepaid postpaid billing charge rating voice call video call raw data traffic mobile fix network,neutral
teleste office worldwide list nordic exchange helsinki,neutral
teleste set divide broadband cable network video network business area,neutral
passenger ferry dimension length overall length perpendicular breadth design draught,neutral
acquisition freeze food fish sector long synergy lnnen tehtaat business,neutral
acquisition price disclose,neutral
aforementioned shareholder inform propose annual general meeting number member board director shall five besides present member board director also lassi noponen shall elect board director,neutral
aim ceo session give clarity information make public already earlier,neutral
board director authorize decide term share issue,neutral
bridge long locate anasmotet road new traffic junction marieholm road,neutral
building condominium build stage,neutral
business area operation finland sweden denmark estonia latvia lithuania,neutral
capital structure solidium may complement financial instrument future,neutral
company employee annual turnover eur vaahto group list nordic exchange helsinki,neutral
company also seek possibility relocate luumaki personnel people upm mill,neutral
company offer payroll service include payroll processing payroll tax administration employee pay service include direct deposit check signing readychex,neutral
company operate business two reportable segment include banking investment service nonlife insurance,neutral
company board director propose dividend eur per share,neutral
company board director propose dividend eur annual general meeting,neutral
company plant russia continue make tyre near market plant nokia finland manufacture tyre market,neutral
company share list mid cap segment nasdaq omx helsinki,neutral
company share quote nasdaq omx helsinki rautaruukki oyj rtrks,neutral
company say focus resource clinical research,neutral
company turnover amount meur,neutral
company website wwwahlstromcom,neutral
company part teleste video broadband solution business area,neutral
company publish financial statement february,neutral
company release result february,neutral
continued operation mean structure restructure aspocomp group include aspocomp oulu headquarter operation,neutral
contract cover turnkey delivery five airport operate authority john kennedy laguardia newark teterboro stewart international,neutral
contract include heating plant equipment associate installation work,neutral
contract involve refurbish bathroom unit well replumbing water sewer pipe,neutral
cost deal could range million million euro depend financial result two company statement say,neutral
crane would instal onboard two freighter order singaporean ship owner masterbulk,neutral
customer access integrate propeller gear package one source,neutral
deal subject approval norwegian competition authority,neutral
deal mean ten person three country transfer tieto,neutral
deal significant effect acquire company equity ratio,neutral
delivery schedule summer autumarket neutralof,neutral
development technological park specialize telecommunication information technology part state program formation technoparks hitech sector russia,neutral
ecommerce site flagship manage marimekko north america retail llc subsidiary establish last year,neutral
final price specify may acquire company say,neutral
firm head office rugby road lutterworth,neutral
first group customer train paintshop owner assistant,neutral
first stage contract cover store cash register,neutral
fish content nugget percentage fish come canada finland,neutral
follow information release comptel tomorrow chairman federal communication commission schedule deliver national broadband plan congress,neutral
front surface valve plate direct towards,neutral
inaugural speech give hannu kyrolainen finland ambassador czech republic,neutral
increase range vary percentage,neutral
internal revenue service see percent taxpayer wait last two week file million return file april,neutral
late date registration april,neutral
line run fully underground comprise station execute two implementation stage,neutral
mall finance parity basis pearl plaza llc joint venture company establish chinese investor shanghai industrial investment hold ltd srv group,neutral
maximum amount capital loan eurm minimum subscription eur,neutral
maximum number new share offer million,neutral
measure take cause onetime cost final part,neutral
mill capacity produce tonne pulp per year,neutral
money spread mainly company say,neutral
natural source isoprene tree specie hevea brasiliensis also know rubber tree,neutral
new majority owner aspocomp thailand ltd certain private person belong immediate circle aspocomp present joint venture partner saha pathana interholding plc,neutral
new organization consist two business unit charge message finance administration,neutral
new sepa cad replace finnish bank card,neutral
order comprises production line plywood mill company say statement receive lesprom network,neutral
order comprises four ball mill organize two different stream treat ore pilanesberg platinum mine,neutral
order include new crecent former headbox reel,neutral
output contract total mwe,neutral
party agree disclose price deal group say press release,neutral
party agree disclose transaction value,neutral
payment date march,neutral
platform base build intel secondgeneration mid platform call moorestown,neutral
price kroon par value bond kroon primary issue,neutral
proposal board director issuance option right otherwise correspond proposal board director notice general meeting,neutral
purchase sum eurmarket neutralusmarket neutral,neutral
report examine medical equipment business structure operation history product provide analysis key medical equipment revenue line,neutral
sale savcor face cencorp result profit loss yet determine owe factor include valuation consideration share receive prevailing exchange rate,neutral
sale finalize september october company say,neutral
share capital alma medium corporation business eur divide share,neutral
share subscribe stock option register trade register january date new share establish shareholder right,neutral
ship unloader totally enclose along entire conveying line storage facility,neutral
site cover six hectare,neutral
offering also cover localisation service relate production transfer finnish company customer already production asian market make decision transfer production,neutral
report oriolakd chief executive officer eero hautaniemi,neutral
release offer security sale united state elsewhere,neutral
tieto latvia represent service company tietoenator alise tietoenator operation industry financial service card retail logistics outsource manage service,neutral
together latvia cramo operate rental outlet baltic state,neutral
two site include later,neutral
preliminary estimation technology park measure square meter,neutral
upon completion sale proha would get usd stake artemis,neutral
valga lihatoostus market product mak moorits trademark,neutral
know exist artemyev say,neutral
offer customer solution base renewable raw material,neutral
dial participant quote conference,neutral
work assignment already start due completion spring,neutral
yvonne jones owner chameleon interior,neutral
zao yit moskovia build housing moscow surround city,neutral
finnish print circuit board pcbs maker aspocomp group oyj say december name henry gilchrist senior vice president group asian operation january,neutral
nordic infrastructure construction one strategic growth area,neutral
sanoma buyer target say,neutral
transaction tikkurila powder coatingsrelated operation company say,neutral
need malware removal tool type url vendor choice directly browser bar use link website write trend micro rik ferguson monday,neutral
happen overnight,neutral
print fabric relate design expertise always core marimekko business brand,neutral
serve customer locally one cornerstone customer focus,neutral
know people,neutral
lemiste city environment knowledgebased economy provide work people total turnover company amount eek say prnits chairman supervisory board lemiste city mainor,neutral
november finnish paint coat company tikkurila oyj hel tikv say today finnish stateowned investment company solidium sell percentage stake company total eurm,neutral
january scandinavian lender sampo bank hel samas pohjola bank hel pohs svenska handelsbanken sto shb provide eurm usdm line credit lemminkainen oyj hel lem finnish construction firm say friday,neutral
coker crane supply tesoro corporation golden eagle refinery martinez california similar crane deliver castell refinery spain,neutral
employee would remain oulu plant support function group unit,neutral
huge issue button placement,neutral
merger upm finnishswedish stora enso likely either,neutral
paper mill central maine town madison soon new owner,neutral
total percentage order value book fourth quarter remainder book second quarter,neutral
finnish kemira group ceo lasse kurkilahti say group structural reorganisation continue least year,neutral
local government commissioner kurt svensson say contact management finnish company componenta find alternative company decision close plant,neutral
accord finnish fim bank alpro price would around eurmarket neutralmarket neutral,neutral
accord ruokatalo almost meat use company come finland,neutral
activity range development natural resource retail marketing finish product,neutral
additionally information business segment competitor future outlook provide,neutral
additionally company use solution automate preparation financial statement accord ifrs standard,neutral
affecto participate program development norwegian pension system since,neutral
affectogenimap build highly customised solution customer finland baltic country,neutral
april cencorp employee territory,neutral
restructure upm average paper machine capacity europe ton short ton coat magazine paper ton short ton coat fine paper,neutral
transaction mreal percentage metsabotnia upm percentage,neutral
transaction tikkurila powder coat related operation,neutral
ahlstrom corporation stock exchange announcement ahlstrom corporation publish first quarter financial result friday april approximately finnish time,neutral
alexandria march jaakko vilo turku finland develop panel press,neutral
alma medium corporation press release march tyrvn sanomat purchase confirm business operation tyrvn sanomat transfer suomen paikallissanomat,neutral
altogether capman employ approximately people helsinki stockholm copenhagen oslo moscow luxembourg,neutral
altona state private company altona chairman kevin maloney tulla resource would take entitlement full,neutral
earnout payment tomillioneuromillioncan also pay depend intellibis financial performance,neutral
law issue may introduce around,neutral
another firm air liquide exempt left market,neutral
apartment yit home may purchase region russia yit subsidiary carry activity moscow moscow region petersburg ekaterinburg kazan rostovondon,neutral
arena partner development company electronic business,neutral
july market cap segment update accord average price may,neutral
part agreement aspocomp also give meadville percentage slice subsidiary operate oulu finland,neutral
part reorganization kaukotelko ltd divide telko ltd leipurin ltd hamina terminal service ltd kaukomarkkinat ltd,neutral
aspo group structure business operation continually develop without predefined schedule,neutral
point spread also iran iraq,neutral
end march company loan amount eurmarket neutral,neutral
moment approximately vianor sale office russia,neutral
barclays plc lse barc nyse bcs credit agricole epa aca cagr,neutral
basware business transaction service enable customer receive send invoice electronic format,neutral
basware finance acquisition bank loan,neutral
basware invoice processing basware contract match basware order match basware kpi report tool part basware enterprise purchase pay product suite,neutral
benefon turn salo unit business unit establish business unit,neutral
berling capital umo capital veikko laine big shareholder amanda capital,neutral
bluewin security available monthly subscription,neutral
byline tim moran cellular phone giant nokia corp offer billion digital map supplier navteq corp chicago,neutral
capital base capital adequacy measurement base approach basel,neutral
capman office helsinki stockholm copenhagen oslo manage nordic buyout mezzanine technology life science real estate fund approximately eur total capital,neutral
capman first real estate fund total investment capacity euro million close june invest commercial property helsinki metropolitan area,neutral
cardona slow vehicle turn around returned intersection call,neutral
cencorp would focus development manufacture market standard product production automation,neutral
change asbuilt model design communicate subcontractor accommodate steel grc fabrication process,neutral
choose giant countdown red head rainbow trout giant shad rap perch color,neutral
close transaction take place today,neutral
cohen steer inc share represent percentage share capital voting right,neutral
cohen steer inc share represent percentage share capital voting right,neutral
com possibly also photomsn,neutral
company evaluate report include aladdin fsecure kaspersky marshal mcafee microsoft panda proofpoint sophos symantec trend micro tumbleweed websense,neutral
comptel corporation sami ervio president ceo distribution nasdaq omx helsinki major medium comptel dynamic solution enable telecom service provider deliver service flexibly charge effectively,neutral
connectivity service include outsource scan capture transfer paper invoice electronic format basware business transaction service enable customer receive send invoice electronic format,neutral
country finland sector constructionreal estate target pohjolan designtalo buyer capman oyj vendor ruukki group oyj deal size usd type divestment status agree,neutral
country switzerland sector pharmaceutical target synosia therapeutic hold buyer biotie therapy corp deal size usd type corporate acquisition finance allstock status close,neutral
cramo service company specialise construction machinery equipment rental rentalrelated service well rental sale modular space,neutral
cramo plc service company specialise construction machinery equipment rental rentalrelated service well rental sale modular space,neutral
cabot export percentage production mainly goodyear bridgestone michelin plant poland well germany michelin italy pirelli company logistics center paris stefan say,neutral
danske bank denmark large bank million customer,neutral
decision make quickly possible,neutral
delivery outotec take place month,neutral
delivery nokia nokia nokia expect start second quarter,neutral
delivery due second half,neutral
den boschbased tomtom europe large maker automotive navigation device cayman islandsbased garmin large overall,neutral
depend market situation project sell year completion,neutral
rally authorize city administration consulate official come worker speak take letter,neutral
elcoteq dongguan establish nancheng district dongguan china one elcoteq four volume manufacturing plant asiapacific region,neutral
elcoteq stock exchange announcement february eet elcoteq publish financial statement bulletin wednesday february eet,neutral
equipment manufacture vaahto workshop hollola finland schedule shipment first quarter,neutral
eriikka sderstrm previously hold several position finance control nokia network include act business group controller corporate controller position nokia siemens network,neutral
estonia agriculture minister helirvaldor seeder finland twoday visit course meet finnish counterpart sirkkaliisa anttila,neutral
eur million transaction consideration pay form fouryear interestbearing vendor note,neutral
feature user interface gram model also come inch quarter vga display megabyte internal memory expandable micro secure digital slot,neutral
fee company suomen rehu raisio import gmo fee,neutral
financial strategic operational factor consider,neutral
financial detail disclose,neutral
financial term disclose,neutral
financial term disclose,neutral
finland technopolis plan bring first section technopark stream petersburg end kari mikkonen vice president technopolis tell reporter helsinki,neutral
finnish drug distributor wholesaler oriolakd oyj say october name anne kariniemi vice president logistics source department january,neutral
finnish investment company neomarkka main owner kuitu finland successor,neutral
follow move stora enso hold newpage remain unchanged,neutral
follow registration share capital biotie eur,neutral
foodservice consumer good market serve approximately people manufacture unit several sale office country,neutral
new share subscribe stock option shareholder right commence date enter trade register,neutral
fortum expect annual capital expenditure next four five year within range eur billion earlier announce,neutral
found quatrocon clientele consist public sector builder central trading company major construction firm,neutral
fsecure internet security security service surf web online banking shopping email online activity,neutral
glaston glass processing unit tamglass glass processing manufacturer high quality safety glass product operate finland,neutral
glaston glass processing unit tamglass glass processing manufacturer high quality safety glass product operating finland,neutral
charter accountant british columbia alberta well certified public accountant washington state,neutral
join rautakirja lead one four business area take position president ceo,neutral
helsinki may finnish company lemminkainen oyj hel lem say today construct office building toolonlahti downtown helsinki without disclose financial detail,neutral
last position nokia siemens network head business human resource nsn global,neutral
present position director stockmann international department store,neutral
work netapp include strategically reposition brand category major global relaunch,neutral
honkarakenne also decide yesterday sell series share key staff member eur per share,neutral
honkarakenne also decide yesterday sell bseries share key staff member eur per share,neutral
igor oleg yankov currently manage moron vitim hold onto percentage stake,neutral
image data produce browser phone server convert bitmapped image send handset display,neutral
million tonne eua allowance emission credit trade underlie market value approx,neutral
talentum disclose three interim report january march friday april april june friday july july september friday october,neutral
steel industry account percent cargo volume transport whereas energy industry account percent industry percent,neutral
letter economic affair minister list estonian shipping company tallink ask approval entitle percentage cut port fee,neutral
recent interview financial time sampo board chairman bjorn wahlroos say certainly sale price set sek billion confirm earlier statement,neutral
release oct peab say two business continue conduct brand cliffton stockholm entreprenad part peab group,neutral
addition mids always online enable full internet browsing,neutral
addition contract include modification effluent treatment plant follum,neutral
current position manty work since,neutral
fourth quarter oko bank expect operate environment banking investment service remain similar januaryseptember,neutral
meantime ceo duty assume outotec deputy ceo seppo rantakari,neutral
sinter plant limestone coke breeze mixed iron ore concentrate sinter lump form sinter use blast furnace raw material ironmaking,neutral
way industry start point consumer need,neutral
total surveillance camera handle manage accord variety need company say,neutral
volume focus already outside finland percentage group product make poland baltic country,neutral
incap headquarter oulu finland electronics contract manufacturer employee finland estonia india,neutral
incap contract manufacture subsidiary incap corporation finland,neutral
include company brand share data category well distribution channel data,neutral
indigo somoncom serve subscriber market share approximately percentage may,neutral
industry asia pakistan malaysia taiwan philippine today global research data service publish several market analysis cement market asia,neutral
investment management investment advisory service company sole line business,neutral
investment disclose,neutral
investment product development stand atmillioneuromillion,neutral
ism disclose financial result daily say,neutral
also include installation new equipment train startup service well service work shoe press deliver vaahto,neutral
expect online,neutral
,neutral
decide auditor reimburse accord invoice,neutral
report fullyear result august,neutral
annual capacity,neutral
market share percent accord nielsen data,neutral
product portfolio comprise harvester forwarders harvester head well crane loader,neutral
janis arbidans ceo yit celtnieciba say company focus housing real estate development market,neutral
jeder betatester erhlt kostenlos sechs monate lang update und hat laut eigener aussage die mglichkeit die finale version beeinflussen,neutral
jon risfelt previously hold operational executive position europolitan ericsson american express card travel division well nyman schultz ceo vodafone sweden ceo gambro renal product ceo,neutral
kemira share close xac,neutral
kesko store engage chain operation nordic baltic country russia belarus,neutral
kirsi rantanen previously development director ruokatalo poultry business,neutral
koduextra operate retail chain store control finnish nonfood center rukax scantukka,neutral
koff market share volume market percentage karhu percentage,neutral
lnnen tehtaat food division reorganise two strategic business unit apetit frozen food jam apetit fish,neutral
lemminkinen start manufacture roof felt production asphalt,neutral
like mechanical pipettors biohit also proline plus ceivd mark come year warranty,neutral
spokesperson tell wwd expect mix clothing home decor,neutral
acquisition sum disclose,neutral
luna take fifth place sixunder shot behind spain beatriz recari germany martina eberl welsh player becky brewerton highestplaced british finisher share seventh place threeunder shoot,neutral
maggie ramsey wait thousand oregon washington guide angler others flock frequent seminar nearly,neutral
marathon percent stake plx say accord bloomberg,neutral
market data analytics derive primary secondary research,neutral
may companiesandmarketscom deliver newstex report provide key data information meat fish poultry market finland,neutral
meanwhile alfa own percentage megafon altimo percentage turkcell via percentage stake cukurova hold,neutral
mercator use software logistic retail wholesale operation slovenia market southeastern europe,neutral
microsoft last week also issue first patch window operate system beta release day earlier,neutral
tonne asphalt mix use contract,neutral
mreal part finnish paper maker metsaliitto group due release secondquarter report around eet august,neutral
group pay eur transaction price upon close remain sum,neutral
disclose,neutral
negotiation representative personnel regard restructure process end,neutral
neste oil publish third quarter result friday october approximately eet,neutral
new novator product suppose exported,neutral
niina nenonen marimekko current director clothing bag accessory line take role,neutral
change medium activity see october compare september,neutral
decision sale issue exist treasury share global make yet,neutral
financial detail reveal,neutral
financial information provide,neutral
device involve action,neutral
nordea cheapest also couple debt,neutral
nordstjernan make offer approximately one month september,neutral
number offer receive contract two,neutral
nwc analysis,neutral
odell contact state finland issue,neutral
okhta center area expect square metre office premise,neutral
okmetic use furnace contract manufacture solar crystal,neutral
okmetic revise financial outlook base order book,neutral
august sampo stake nordea percentage,neutral
one also apply job directly ipad select attach cover letter appropriate position,neutral
one price category call prefer operator network another call operator network,neutral
operator need learn use one device multiple level application include voicedirected operation,neutral
originally post pcmagcom security blog security watch,neutral
oriolakd spinoff finnish pharmaceutical group orion oyj wholesale division,neutral
northrhine westphalia issue benchmark year fix rate deal euro,neutral
detail provide,neutral
panostaja disclose purchase price,neutral
pharmaceutical market belgium global research data service publish recently market analysis pharmaceutical market belgium,neutral
pharmaceutical market poland global research data service publish recently market analysis pharmaceutical market poland,neutral
ponsse divide sale maintenance service network six geographical area,neutral
poyry plccompany announcement december pursuant poyry plc stock option program new share company subscribe since october stock option,neutral
presentation material post company website wwwseahawkdrillingcom investor relation section webcast presentation tab,neutral
previously grimaldi hold percentage stake finnish company follow takeover bid launch november,neutral
price talk midmarket swap plus bps area lead barclays bnpp ubs cba,neutral
prior transaction whose financial term disclose alma medium own percentage kotikokki net,neutral
product include consumer electronics device mobile phone accessory settop box flat panel well system solution product infrastructure system module industrial segment product,neutral
proline plus available adjustable single multichannel model fix volume singlechannel model volume range micro litre,neutral
protalix close friday american stock exchange give market cap million,neutral
purchase snapper nothing else,neutral
loan,neutral
raisio site main production plant well company headquarters,neutral
rapala vmc corporation rapala finlandbased company engage manufacture distribution fish equipment accessory,neutral
rautalinko resposnible also mobility service job division continue marek hintze,neutral
retail chain suomen lhikauppa give index airline teliasonera broadband german retail chain lidl tele finland mobile subscription tallink ship line power company helsinki energy,neutral
rlnordic part raiffeisenbankinggroup austria subsidiary raiffeisenleasing gmbh austria,neutral
rockwell collins provider flight deck cabin information management solution business aircraft operator,neutral
business sector building construction infrastructure construction technical building service,neutral
sampo housing loan bank unit finland sampo bank price eurbn usd bond percentage reuters report,neutral
sampo plc jarmo salonen head investor relation group communication tel distribution nasdaq omx helsinki principal medium financial supervisory authority wwwsampocom announcement distribute thomson reuters behalf thomson reuters client,neutral
sanoma magazine international invite shareholder hold approximately percentage share sell share,neutral
scanfil plc global contract manufacturer system supplier communication industrial electronics,neutral
schwalm outoteccom eila paatela vice president corporate communication tel mobile email eila,neutral
sdm offer general rental equipment aluminium scaffold power generator hoist customer construction sector,neutral
seventythree also extensive training product build late archestra technology wonderware system platform,neutral
far know sell share own personally,neutral
somemillioneuromillionof base acquisition price pay cash rest subscription offer total new ixonos share,neutral
sponda property investment company specialise commercial property large city finland russia,neutral
stichting pensioenfonds abp share represent percentage share capital voting right,neutral
stockholm march cybercom cybercom group hightech consultancy offer global source endtoend solution,neutral
subscriber china unicom nation second large mobile phone operator china mobile expect release picture video blog internet via mobile phone march,neutral
sunrise resource operate russian nearshore development market whollyowned russian subsidiary percentage personnel russia,neutral
talvivaara mining company plc talvivaara mining company internationally significant base metal producer primary focus nickel zinc use technology know bioheapleaching extract metal ore,neutral
tampere science park finnish company own lease build office property specialises facility technologyoriented business,neutral
target company tieto corporation business identity code date change hold january portion share vote current group hold oppohjola group central cooperative opk share represent percentage share vote right,neutral
technopolis approximately customer company jyvaskyla,neutral
tecnomen headquarter espoo finland develop message charge solution telecomms operator service provider worldwide,neutral
tecnomen solution use prepaid postpaid billing charge rating voice video call data traffic kind content service mobile fix network,neutral
term acquisition disclose,neutral
term disclose,neutral
square metre technology center locate near university tampere central tampere,neutral
acquire plant annual capacity tonne production sell domestic customer,neutral
acquisition expect take place end august,neutral
acquisition finance billion debt arrange goldman sachs,neutral
annual report contain financial statement consolidate financial statement report board director auditor report,neutral
annual report send automatically shareholder hold least sampo plc share,neutral
approximately dwt vessel order india,neutral
arrangement apply group unit outside finland,neutral
bank vtb provide mortgage loan buy apartment complex percentage per annum ruble,neutral
big seller chain supermarket finland organic pirkka tomato carrot egg meat product,neutral
bond value eurm maturity year,neutral
building house example respecta jyvaskyla premise well company announce later say samuel koivisto director technopolis operation jyvaskyla,neutral
business unit investlesprom group cover full forest industry chain group own forest sawmill paper pulp mill processing plant,neutral
business divest offer dairy edible fat readymeal icecream packaging multinational local customer,neutral
case comprises first side case member provide first side vat segment second side case member provide second side vat segment least first side case member pivotable rotation axis,neutral
change take effect january estimate impact number employee,neutral
combine value order almost eurmarket neutral,neutral
combine value order eurmarket neutral,neutral
combine value plan investment eurmarket neutral,neutral
company give palm oil altogether however,neutral
company disclose price acquisition,neutral
company distribute hiab product well product,neutral
company disclose sum apply,neutral
company expect meat purchase remain aboutmarket neutralkilos,neutral
company decide stop operation ruukki construction division latvia lithuania concentrate production logistics parnu estonia,neutral
company headquarter sievi finland list nordic exchange helsinki,neutral
company may time possession one tenth share maximum,neutral
company operate power plant tyumen chelyabinsk region khantymansi autonomous district,neutral
company operate worldwide employ total approximately person,neutral
company reiterate outlook,neutral
company board director propose dividend eur per share annual general meeting schedule hold march,neutral
company board director would propose dividend eur per share,neutral
company equipment rental portfolio consist primarily tool small midsized customer construction industry,neutral
company model base developer contract construction project customer focus project management,neutral
company say result third quarter include nonrecurring item,neutral
company say measure longer need,neutral
company serf approximately customer country,neutral
company serf customer various industry include process resource industrial machinery architecture build construction electrical transportation electronics chemical petrochemical energy information technology well cater household,neutral
company serf customer various industry include process resource industrial machinery architecture build construction electrical transportation electronics chemical petrochemical energy information technology well cater household,neutral
company suppose deliver machinery veneer mill tomsk region russia,neutral
company disclose detail include anticipated transaction timetable name new investor within one week,neutral
company propose dividend eur per share,neutral
contract also include installation work new multistorey carpark close vehicle,neutral
contract cover supply temporary heating equipment lkab new pellet plant kiruna northern sweden,neutral
contract allot per low price criterion,neutral
contract include design construction delivery equipment installation commission,neutral
contract include software licence application maintenance training,neutral
contract incorporate convergent charge rating solution voice data include internet gprs wap,neutral
contract next year,neutral
contract take effect five ten year period,neutral
contract raute corporation muling kemian wood product ltd announce november take effect,neutral
propose member available view march onwards internet wwwsampocomir,neutral
deal include entire personnel planmill transfer new company socalled old employee,neutral
divest stake represent share okmetic capital,neutral
dividend payable annually shall deduct share subscription price,neutral
duration contract month,neutral
ecb mainly target inflation,neutral
employee negotiation address measure need adjust operation present production situation,neutral
energy shot pack millilitre bag screw cap,neutral
exercise price option base safran software solution license maintenance sale well result company,neutral
facility use refinance citycon exist credit facility company say,neutral
fair value capman plc investment september amount meur,neutral
financial detail acquisition disclose,neutral
financial detail transaction disclose,neutral
financial statement interim report release around finnish time give date,neutral
financial statement release available publishing company internet page wwwcargoteccom,neutral
firm headquarter vantaa southern finland employee,neutral
firm service include copy print cadmodelling digital printing scan sokopro project bank courier service,neutral
fixed acquisition price amount nok approximately eur million additional price nok eur million maximum,neutral
fixedterm contract jarmo ukonaho current general manager incap indian operation finish end year,neutral
flagship open fall manhattan flatiron district toy building fifth avenue,neutral
fullfunction weigh kilogram measure slightly two centimeter thin,neutral
government instead propose exchange state stake lmt teliasonera stake lattelecom,neutral
group reiterate forecast handset manufacturer sell aroundmillionunits year globally,neutral
group business sector building construction infrastructure construction technical building service building product,neutral
host mobile terminal guide information flow participate terminal optionally network server may assist host mobile terminal,neutral
huge bridge girder deliver site plant ylivieska finland,neutral
idea save electricity data transfer still new one,neutral
identity buyer yet know,neutral
insolvency act regulate amount debt borrower permit write,neutral
intent article focus attention fact development model china follow different model india follow,neutral
investment would eurm,neutral
late result include pershare charge cent stock compensation cent research development cent strategic investment,neutral
machinery order place new mill annual production capacity overlay birch plywood,neutral
major part delivery include different cxe amplifier solution product belgian dinh telecom broadband solution company acquire teleste spring,neutral
market share volkswagen passenger car finland percent audi market share percent seat share percent,neutral
market value one crane usdm report finnish news agency stt,neutral
maximum grade veneer yield calculate base dimension grade veneer product well iterating place peel simulate peeling process,neutral
maximum obligate total trade per day isk market value,neutral
mediumterm operative target company remain unchanged,neutral
meet located central business district cbd bangkok,neutral
name newspaper publish print division sanoma change sanoma news,neutral
network test business part elektrobit test automation business segment employ people finland people abroad mainly asia,neutral
new chain discount store supermarket,neutral
new company diapol srl would manufacture tool meant glass stone preprocessing,neutral
new kroksberg railway tunnel build new section track harnosand veda form part line follow coast gulf bothnia,neutral
new location change wellmont store air transport service,neutral
new name sanoma division sanoma news,neutral
notice entirety proposal nomination committee board publish least four week april company website post och inrikes tidningar dagens industri,neutral
number class share remain unchanged share,neutral
objective trading share commence may,neutral
online ice chart show ice area estonia sea port coast gulf finland,neutral
order include log handle line peel line dry line production parquet base layer veneer plyfa hassela mill central sweden,neutral
order include metso fourth quarter order backlog,neutral
order relate renew network telecommunication operator,neutral
party therefore agree leave avena deal,neutral
passenger tunnel expect put operation,neutral
plant expect enter commercial operation mid,neutral
plant expect start production first half,neutral
plant collect raw material baltic sea region,neutral
platen edge contact band provide seal protrusion direct towards middle area platen mean provide exert maintain pressure volume define platen band seal,neutral
platform would continue development framework symbian meego,neutral
point village design scott tallon walker include shop center office premise hotel cinema,neutral
port facility throughput teus andmilliontons general cargo,neutral
power generate annually loviisa cover percentage finland electricity consumption,neutral
power supply power system inverter design manufacture efore system incorporate use many different application,neutral
presentation material view company website english conference,neutral
previous offer percentage voting right percentage capital,neutral
product advisory apply nokiabranded battery company say,neutral
project also imply underground park lot vehicle,neutral
property purchase swedish private equity real estate firm niam goldman sachs whitehall street real estate fund,neutral
proposal board director make annual general meeting attach whole release,neutral
purchase price disclose,neutral
reduction conclude autumarket neutral,neutral
reduction implement immediately begin october,neutral
repo rate gradually reach percentage end accord nordea economic outlook,neutral
report profile company include many key niche player include major nonwovens manufacturer ahlstrom corporation asahi kasei corporation buckeye technology inc,neutral
report email within business day order,neutral
rme telcontar enable handset calculate best route include support userdefined route feature navigability multimodal rout via foot ferry,neutral
sale price disclose,neutral
sale price disclose,neutral
second variant offer complete final finishing select apartment foreign high quality material finland denmark germany france,neutral
seller include shareholder include intellibis management employee investor,neutral
seller eos innovationsmanagement group private individual,neutral
seller founder company,neutral
serial bond part plan refinance shortterm credit facility,neutral
share capital basware corporation,neutral
share capital biotie therapy corp constitutes share aggregate number vote right attach share amount,neutral
share subscription period stock option april march,neutral
share represent percentage total share capital percentage total voting right,neutral
share shall acquire accord rule nasdaq omx helsinki otherwise accord rule related acquisition company share,neutral
size cider bottle remain unchanged,neutral
start negotiation relate glaston efficiency program announce october,neutral
subject project provide company like software program consultancy service computerrelated service data service computer support consultancy service internet service etc,neutral
talk involve food ingredient division well group service function company say,neutral
tecnomen convergent charge solution include functionality prepaid postpaid billing charge rating voice call video call raw data traffic type content service mobile fix network,neutral
total number voting right,neutral
total restructuring cost expect eurmarket neutralof eurmarket neutralwas book december,neutral
total size complex around project construct stage,neutral
total value delivery eurm,neutral
train expect cross russian territory day reach vostochny port,neutral
transaction expect finalized dec,neutral
transaction subject final agreement party approval decisionmaking body approval finnish competition authority,neutral
turbine expect launched end,neutral
value order eurmarket neutral,neutral
value order around eur million,neutral
value order eurmarket neutral,neutral
value order eurmarket neutral,neutral
value order eur,neutral
value order nearly eurm,neutral
value order usdmarket neutral,neutral
value order usdmarket neutral,neutral
value order eurmarket neutral,neutral
value order eurmarket neutral,neutral
value order eurmarket neutral,neutral
value order eurmarket neutral,neutral
value total investment eurmarket neutral,neutral
webcast may follow online company website wwwruukkicominvestors,neutral
whitehall street real estate fund invest real estate real estate relate asset principally acquisition real estate company real property mortgage loan,neutral
volume investment two phase project estimate usdmarket neutraleurmarket neutral,neutral
name yet release,neutral
return flight stuttgart every morning well even departure thursday friday sunday,neutral
include software development internet mobile telephone content communication valueadded software financial service security application system integration electronics ebrd inform,neutral
include software development internet mobile telephone content communication valueadded software financial service security application system integration electronics,neutral
section put place form loadbearing steel structure bridge say sami eronen senior vice president infrastructure northern europe ruukki construction,neutral
use control speed electric motor use industry municipal engineering power generation use renewable energy,neutral
sunk depth metre fix bottom mud vacuum,neutral
amount include pensionable salary,neutral
corrensponds percent okmetic share capital voting right,neutral
corresponds percent okmetic share capital voting right,neutral
include eurmarket neutralchange fair value investment property,neutral
nordic exchange omx offer access approximately percent nordic baltic security market,neutral
tiimari register share capital share per today,neutral
tikkurila division kemira group control percentage russian market field own petersburg paint producer tex,neutral
treatment product usa canada mexico australia brazil today global research data service publish several market analysis market water treatment product select country,neutral
tyrvaan sanomat publish twice week tyrvaan sanomat appear sastamala kiikoinen,neutral
usbased corp talk scandinavian telecom company teliasonera sell stake uzbek cellular operator coscom executive coscom tell interfax,neutral
deal know pay sekm usd meur cash stock,neutral
union company official return call yesterday,neutral
upon establishment plan direct approximately person,neutral
vacon recently announce plan build north american headquarters business park chambersburg,neutral
vaisala headquarter helsinki finland develop manufacture electronic measurement system meteorology environmental science traffic industry,neutral
vaisala present weather detector measure visibility well precipitation type intensity,neutral
water treatment product australia today global research data service publish market analysis market chemical water treatment product australia,neutral
think,neutral
product manufacture finland also pack country,neutral
give bedroom cool makeover summer,neutral
five different game mode coop tournament player splitscreen multiplayer mode player much fun would actually fish,neutral
federal government put stake ground vendor customer focus meeting deadline,neutral
company exit contract manufacture service segment,neutral
votorantim celulose papel vcp part votorantim group major brazilian conglomerate,neutral
yit corporation sept corporate release stock exchange release yit capital market day london sept wednesday september yit hold capital market day investor analyst london,neutral
cash flow operate activity investment eur million,neutral
cash flow operate activity investment eur million eur million,neutral
profit tax eur million,neutral
group cumulative sale review period eur million eur million profit tax eur million,neutral
group profit tax eur million,neutral
group sale period eur million eur million profit tax eur million,neutral
company continue development fully human antibody vap antibody program,neutral
profit tax eur million,neutral
marimekko operate industry change business climate reflect consumer demand,neutral
year color orange become synonymous quality,neutral
enterprise value fray bentos pulp mill forestal oriental total approximately euro billion upm say,neutral
development partly reflect government high activity field dividend policy,neutral
could,neutral
sell information system development business finn,neutral
come decision base preliminary economic operational environmental finding karvinen say,neutral
time investment fully lease several tenant,neutral
filter use preprocess packet determine need process processor network device,neutral
total new citycon share nominal value eur per share subscribe march exercise abc option base company stock option plan,neutral
abn represent percentage voting right share capital citycon oyj,neutral
accord finnish scanfil founder chairman board jorma takanen company look growth abroad,neutral
nonrecurring item eurmarket neutralprofit amount eurmarket neutral,neutral
aldata solution global company engage supplier consumer business process optimization announce detail dollar dinosaur program,neutral
depends financing,neutral
almost two third olvi net sale come outside finland,neutral
amanda capital investment private equity fund unquoted company mainly europe,neutral
analyst survey thomson financial expect revenue million quarter,neutral
much biomass use source locally rest plant fuel need meet peat,neutral
part transaction nekoski paper mill remain mreal ownership continue galerie art production sappi longterm contract,neutral
aspocomp group headquarter helsinki finland develop interconnection solution electronics industry,neutral
base helsinki finland ramirent branch nordic central eastern european country,neutral
base calendar year combine company eur pro forma annual revenue expect start operation employee,neutral
bavaria industriekapital revenue eur million ebitda eur million,neutral
middle layer headbox equip dilution control system,neutral
boomerang boat net sale eurmarket neutraland make operating profit eurmarket neutralin,neutral
end number joint branch office total,neutral
cameco typically price sale contract use ratio fix price spot price,neutral
cargotec business area also include container handling solution business area kalmar marine cargo handle offshore load handle solution business area macgregor,neutral
cargotec sale total eur billion employ approximately people,neutral
cargotec also move hallbergivarsson service installation business roof service center kalmar macgregor solution gothenburg,neutral
coffee serve start eet well event,neutral
combine net sale million ebitda million,neutral
comment deal shane lennon svp marketing product development gypsii say,neutral
componenta production line similarsized product karkkila finland weert netherlands orhangazi turkey combine output approximately tonne net sale eur million,neutral
cabot main consumer czech slovak market tire producer barum continental matador continental,neutral
curator divide material eight theme,neutral
currently percentage trainer house revenue attribute finnish market,neutral
currently company eight similar reach stacker four empty container handler konecranes,neutral
currently glaston employ approximately person,neutral
currently operate fleet eight carrier well nine pusher barge,neutral
customer include hotel restaurant well wholesaler retailer,neutral
customer wave card front reader make payment similar touch card use transport system,neutral
delivery expect take place later month,neutral
eero katajavuori currently group vice president human resource take yearlong sabbatical start october,neutral
elcoteq expect net sale last quarter level third quarter,neutral
enp newswire march release date total talvivaara mining company plc new share subscribed period january february company stock option right,neutral
bank forecast olvi net sale eurmarket neutralin second quarter operate profit eurmarket neutral,neutral
establish capman manage nordic buyout mezzanine technology life science real estate fund approximately euro billion billion total capital,neutral
eurmarket neutralof net interest income,neutral
exel board director propose dividend euro per share annual general meeting april,neutral
financing project come mainly china,neutral
finnish silicon wafer technology company okmetic oyj omx helsinki okmv say wednesday september invest eurm sensor wafer business,neutral
fiskars also engage global supply marine energy equipment solution service associate company wartsila corporation,neutral
group private equity division manage operate company include icelandair group travel group bluebird sterling,neutral
follow demerger vice president group pharmaceutical trade finland jukka niemi appoint manage director oriola addition current responsibility,neutral
net profit eur million company pay dividend eur apiece,neutral
net profit eurm company pay dividend eur apiece,neutral
emphasis kyro strategy glaston growth,neutral
group net sale third quarter total eurmarket neutraland operating profit eurmarket neutral,neutral
join technopolis kone hold various position within group recently director service business business development kone middle eastern operation,neutral
ruokatalo target know consumer,neutral
etteplan turnover eur,neutral
group net sale stand eur million employee,neutral
etteplan report turnover eur,neutral
avc systemhaus net sale eur million usd,neutral
stockmann earn million lat profit million lat turnover,neutral
sanoma magazine expect net sale level,neutral
addition company consider start production russia,neutral
addition kazakh delegation visit finland sitra investment fund honkarakenne ltd nokia headquarters study teliasonera ltd jsc activity,neutral
addition stake megafon telecominvest currently own percentage share web plus petersburg payphones percentage telecom equipment producer peterservis number minor asset,neutral
addition verification identity digital signature new stateapproved mobile enables cast vote election well,neutral
apriljune scanfil net sale total eurmarket neutraland operating profit eurmarket neutral,neutral
finland five large brand control percentage beer market,neutral
july quadriga capital sell lewa gmbh pumpmaking business japan nikkiso,neutral
czech republic profile unit ostrava close machinery relocate ruukki big plant hungary poland romania end first quarter,neutral
czech republic small profile unit ostrava close machinery gradually relocate ruukki big plant hungary poland romania end first quarter,neutral
first quarter sacanfil net sale total eurmarket neutraland operating profit eurmarket neutral,neutral
third quarter net sale total eurmarket neutraland operating profit eurmarket neutral,neutral
come complete lcd touch screen system selection choose function price start around pound mark,neutral
develop symbian software license consortium lead nokia,neutral
estimate consolidated turnover kausta guder reach ltmarket neutralusmarket neutraleurmarket neutralin,neutral
own share amer sport corporation equal percentage company share capital voting right,neutral
post turnover ofmillioneuromillionand operating profit ofmillioneuromillionfor,neutral
ixonos finance acquisition amillioneuromillionloan,neutral
kaukotelko centralize administration dissolve appropriate part transfer operating activity group administration end year,neutral
kemira organization comprise approximately people company say,neutral
latin america currently account approximately percentage sale tecnotree company president ceo eero mertano recently tell bnamericas,neutral
lcs service cover whole life cycle software information system process model tailor software development host service solution management maintenance support,neutral
lieksaare earlier regard control saarelainen individual shareholder shareholder agreement,neutral
liquid handle product include electronic mechanical pipette disposable tip well pipette maintenance calibration service research institution healthcare industrial laboratory,neutral
adpnews dec norwegian financial service group sparebank gruppen osl sbgrp say board director appoint today jarle haug manage director claim collection subsidiary sparebank gruppen finans,neutral
marathon estimate value remain stake protalix million,neutral
marimekko consider measure matter,neutral
metsaliitto sell million share neomarkka accounting percentage neomarkka equity percentage voting right,neutral
raw material come europe pay euro dollar sale take place ruble,neutral
motorola account percent south korean handset market end april samsung hold percent electronics percent accord koreabased atlas research group,neutral
motorola inc united state come second shipment million unit percent market share follow south korea samsung electronics shipment million unit percent share,neutral
jortikka president base metal division outotec oyj finland executive committee outotec,neutral
vasantha appoint manage director incap contract manufacture service pvt ltd,neutral
doring eaton since acted business unit manager eaton power control business unit since january,neutral
koistinen join nokia siemens network hold various senior sale management business development position since,neutral
mcdonald start even set feature hit solo career doobie brother year selection cover song meet mixed result,neutral
change regard virala ownership share tiimari take place,neutral
financial detail deployment disclose,neutral
financial pricing detail disclose,neutral
plan closing date provide,neutral
service pricing detail disclose,neutral
nordea bank publ hold alma medium share represent percentage share capital voting right,neutral
nordstjernan use option buy another percentage stake salcomp share vote,neutral
nviro operate process facility independently well partnership municipality,neutral
okmetic close plant espoo early production line site move okmetic plant vantaa finland texas usa,neutral
preliminary estimate hotel operate brand novotel,neutral
operating profit operation finland period review total eurmarket neutralremaining level,neutral
customer include company energy process industry sector particular,neutral
key geographical market europe russian federation middleeast southafrica japan,neutral
outotec delivery cover engineering supply construction circulate fluid bed calcination plant capacity ton alumina per day,neutral
panostaja own percentage share capital voting right suomen helasto share follow exchange share carry may,neutral
payment acquire share make cash price per share eur plus administration fee,neutral
pharmaceutical market czech republic global research data service publish recently market analysis pharmaceutical market czech republic,neutral
pharmaceutical market italy global research data service publish recently market analysis pharmaceutical market italy,neutral
previously company expect financial performance remain level,neutral
profit tax total eurmarket neutral,neutral
qpr processguide available system solution centralize storage management process content well standalone desktop version qpr processguide xpress,neutral
quartal own share satama interactive plc represent per cent share capital voting right,neutral
renesas mobile europe ltd approximately employee oulu,neutral
rihko start manage raisio benecol business summer head tobacco company altadis european operation,neutral
rohwedder group automotive supply telecommunication electronics industry provider customer europe north america asia,neutral
rsa share close time press,neutral
rubin say expect capman announce additional transaction,neutral
russia video international group hold control stake russian medium venture,neutral
since registration share subscribe direct share issue new number panostaja share vote right,neutral
stora enso business north america annual capacity million ton employ people,neutral
stora enso receive percentage equity interest combine company,neutral
stora due release fourthquarter fullyear earnings feb,neutral
storengy gdf suez company dedicate underground storage natural gas,neutral
tekla group net sale approximately million euro operate result million euro,neutral
address also happen house italian megamart eataly mean come kid toy building,neutral
expo signature show dongguan support dongguan municipal government every year feature computer accessory software communication network product,neutral
acquire business main asset mobile authentication sign solution brand tectia mobileid provide authentication web email sslvpn sharepoint tectia secure solution application resource,neutral
agreement include application maintenance support service,neutral
agreement include entire process manage mercator supply chain region company currently present,neutral
bank lease arm nordea liising end year profit million euro,neutral
board establish remuneration committee follow member sari baldauf chairman tapio hintikka heikki westerlund addition board decide appoint nomination committee later stage,neutral
bond maturity five year part bank domestic bond program,neutral
building house product development test laboratory,neutral
business area net sale slightly,neutral
business development initiative north america head lynn shanahan,neutral
business organise february way production design service combine one entity etteplan operation,neutral
business transfer take effect january connection employee transfer elisa daxtum continue employee,neutral
center build kapuli district mantsala beside hankomantsalaporvoo road near new direct rail link lahti jarvenpaa,neutral
close transaction take place today,neutral
close transaction schedule take place january,neutral
combine capital fund expect eurmarket neutralmarket neutral,neutral
combine company proforma net sale ofmillioneuromillionand operating profit ofmillioneuromillionfor,neutral
committee propose follow remuneration monthly remuneration eur chairman eur deputy chairman eur board member,neutral
company eur asset count among five large shareholder finnish insurer ilmarinen percentage varma percentage well finnish state pension fund ver percentage,neutral
company also equip sculptural complex rabochy kolkhoznitsa worker collective farmer moscow snow melt system,neutral
company distribute dividend,neutral
company expect net sale whole eurmarket neutralmarket neutral,neutral
company net sale eur million today approximately employee finland estonia poland,neutral
company net sale eurmarket neutraland pretax profit eurmarket neutralin,neutral
company employee annual sale approximately eurm,neutral
company annual turnover eur,neutral
company involve sale financial product include insurance mortgage car personal loan financial brokerage equipment finance leasing,neutral
company operate four principal division consumer packaging office paper speciality paper well market pulp energy,neutral
company report net sale ofmillioneuromillionand operate margin percentage,neutral
company set service include digital printing printing preparation offsetprinting aftertreatment service send service,neutral
company transportation business conduct florida rock tank line southeastern transportation company concentrate haul motor carrier liquid dry bulk commodity,neutral
company say percentage share hold company sell meadville hold limit hong kong list parent company meadville group,neutral
company say operation sell newly establish company cps gmbh present management plastic business coowner,neutral
composite body coat hard coating layer produce thermal spray coating ground,neutral
connectivity unit einvoice customer number annual transaction stand nearly one million,neutral
contract worth eur million,neutral
contract value amount eur million,neutral
credit cover approximately percentage ship price,neutral
customer local company etera mutual pension insurance principal tenant unit medium company alma medium corp hel alnv,neutral
customer forward site unknown log first number,neutral
deal include rental equipment relate merchandise rental contract depot two employee company say,neutral
decision reflect underutilisation line produce nonwovens use medical wipe application well automotive industry,neutral
decision make whether group agree import estonian meat meat product finland paper add,neutral
device would launch chinese market late company say,neutral
diameter protocol develop accord standard ietf rfc ietf rfc,neutral
divested activity net sale eur million operating profit eur million,neutral
divest company part tietoenator business area government manufacture retail,neutral
division also include joint sale marketing control function unit,neutral
reng group post sale approximately million kroon,neutral
ebrd use fund provide million loan portion million euro syndicate two finnish commercial bank nordea bank finland plc pohjola bank plc,neutral
ebrd use fund provide amilliona loan portion ofmillioneuros syndicate two finnish commercial bank nordea bank finland plcmillioneuros pohjola bank plcmillioneuros,neutral
energy sector account approximately percentage steel industry percentage transportation volume,neutral
enterprise value maritim food determine approximately eurm,neutral
equipment ixonos acquire deal include mechanical engineering hardware antenna measurement laboratory facility measurement audio camera display well device robot unit test mobile device,neutral
equipment make vaahto plant hollola finland delivery schedule first quarter,neutral
estimate annual value frame agreement eurmarket neutral,neutral
estimate value deal usd million,neutral
eurm contract include design construction work,neutral
executive say country brazil chile argentina mexico lead adoption business ethernet service segment brazil mexico early adopter carrier ethernet mobile backhaul,neutral
expand company continue call newpage,neutral
expand plant schedule operational middle october,neutral
expansion finalize autumarket neutralof,neutral
facility lettable area plot plant locate ratasmaki business park purchase city forssa,neutral
figure include food export finland,neutral
figure include change fair value property portfolio eur million,neutral
filter tip cover volume range include new size volume capacity,neutral
final outcome right offering report around october,neutral
firm build component mobile phone communication product,neutral
group post net sale ofmillioneuromillionand operating profit euromillionin,neutral
group net sale eur,neutral
group turnover eur million operating profit eur million,neutral
liquid handle segment offer laboratory equipment accessory include mechanical electronic pipette disposable tip use research institution university hospital well pharmaceutical food industry biohit brand,neutral
manufacture cpps undertaken exist export orient unit eou wartsila factory khopoli near mumbai,neutral
market expect heineken sell hartwall whole part,neutral
significant capital expenditure item global enterprise resource planning erp project product development production machine,neutral
move carry transferring hkscan productionrelated property plant equipment well hold subsidiary associate company country hkscan finland,neutral
net sale healthcare trade business eur million eur million operating profit eur million eur million,neutral
net sale power plant business eur million,neutral
nonrecurring cost cause talentum premedia business area restructuring amount tomillioneuromillionand include company financial result second quarter,neutral
ongoing project tekla structure use vashi exhibition centre develop insteel engineer pvt ltdiivrcl infrastructure project ltd cidco,neutral
operation sell include manufacture unit finland france poland turkey well sale unit germany lithuania,neutral
order also cover design service hardware software licence well maintenance service six year,neutral
order consist outsource application management support plan tecnotree thirdparty application,neutral
order include ship crane deliver container feeder build wenchong shipyard china,neutral
order value eurmarket neutraland consist design service hardware software licence,neutral
order also include highpower drive control seismic compressor,neutral
order machineroomless kone monospace elevator would instal,neutral
oulu plant employ approximately people,neutral
percentage share vote right calculate proportion total number share register trade register total number voting right relate,neutral
pershare subscription price share subscribe option right eur,neutral
polish business employ people net sale eurmarket neutralin,neutral
portfolio comprise leasable space vacancy rate roughly percentage let around tenant two large swedish government ericsson,neutral
proposal shareholder elect hannu krogerus board base long unrivalled experience knowledge matter relate elcoteq,neutral
remainder revenue come technology agreement firm interdigital say,neutral
remain amount fund debt danish bank say,neutral
reorganisation carry transferring hkscan corporation productionrelated property plant equipment finland well hold subsidiary associate hkscan finland hold company wholly own hkscan corporation,neutral
report contain category level company brand share well distribution share information,neutral
segment company operate frozen food business seafood vegetable oil business grain trading business operation,neutral
sell consortium include fund manage oko bank venture capital unit bio fund management finnish industry investment governmentowned investment group,neutral
solution instal usa support north american operation customer,neutral
stockmann department store total floor space square metre stockmann investment project price tag eur million,neutral
study expect start,neutral
tank deliver company currently build chemical tank farm antwerp northern belgium,neutral
term transaction remain undisclosed,neutral
total capacity factory approximately engine year,neutral
total floor area plant expansion square metre,neutral
total investment expect amount eurm,neutral
total investment project approximately eur,neutral
total value contract eur million,neutral
total value two contract eur million,neutral
transaction plan financed eurm marketbased loan grant standard charter bank hong kong,neutral
transaction value cad million approximately eur million,neutral
unit client mainly field specialist convenience good well textile shoe furniture business,neutral
value contract eurmarket neutral,neutral
value contract eur poyry headquarter vantaa finland provide consult engineering service energy forestry infrastructure environment sector,neutral
value contract eurmarket neutral,neutral
value contract total usdm,neutral
value contract eurmarket neutral,neutral
value deal disclose,neutral
value deal disclose,neutral
value multiyear agreement eurmarket neutrala year,neutral
value threeyear contract estimate eurm,neutral
value kind order amount usually euro million,neutral
webmarela application handle invitation quote quote comparison agreement purchase invoice inspection inventory management delivery,neutral
work include lay natural stone pavement installation underground heat surface water drainage system,neutral
previous share subscription stock option,neutral
new unit build cargotec state art manufacturing facility san antonio texas usa start operation,neutral
could time say,neutral
wood lacquer clock come stripy handcrocheted cover,neutral
see slide show new product release fiskars,neutral
total value contract eurmarket neutral,neutral
tulikivi manufacture heatretaining soapstone ceramic fireplace well natural stone product utility ceramic,neutral
tyrvinen opinion airline repeat time already however,neutral
agreement larox transfer employee within engineering documentation related delivery project product maintenance finland etteplan january,neutral
transaction agreement metsaliitto purchase percentage metsabotnia share upm percentage mreal,neutral
unit price straddle carrier vary eur eur company add,neutral
upmkymmene say indicated interest domestic consolidation,neutral
valmet automotive report net sale eurmarket neutraland operating profit eurmarket neutral,neutral
veidekke headquarter oslo norway scandinavian construction property development group employee norway sweden denmark annual turnover nok,neutral
subscribe magazine,neutral
vianor sell tire car truck well range car part provide maintenance service,neutral
new arrangement customer responsibility become mainly regional,neutral
acquisition wireless modem unit approximately employee transfer renesas electronics corporation,neutral
third quarter fiscal efore swung net loss eur versus net profit eur corresponding period fiscal,negative
konecranes oyj kcrv fell percent euro big fall since june,negative
operating loss total eurmarket neutralcompared profit eurmarket neutralin corresponding period,negative
production level agree producer long time ago fall consumption lead loss,negative
return investment roi percentage compare percentage first half,negative
total ofmarket neutralpassenger ship journey take place northern baltic sea slightly frommarket neutralin,negative
finnish medium group talentum issued profit warning,negative
finnish shipping company finnlines pretax loss total eurmarket neutralin third quarter compare profit eurmarket neutralin third quarter,negative
finland city forssa say pay compensation food industry company ruokatalo atrium lye leak tap water occur march,negative
acando acanb fell percent kronor low close since dec,negative
accord ceo matti perkonoja parent company hkscan company performance first quarter remain clearly level corresponding period,negative
dilute earnings per share eps stand eur versus eur,negative
finnish automation solution developer cencorp corporation omx helsinki cncv issue thursday september profit warn third quarter,negative
finnish communication electronics component supplier scanfil oyj tuesday say sale first half percentage low period year ago,negative
finnish technology company raute corporation omx helsinki rutav issue tuesday september profit warn financial year,negative
company operate loss total eurmarket neutralcompared profit eurmarket neutralin,negative
last year million passenger fly airline percent,negative
loss financial item total eurmarket neutralcompared profit eurmarket neutralin corresponding period,negative
loss period total eurmarket neutralcompared profit eurmarket neutralin,negative
operating loss amount eurmarket neutralin first half compare profit eurmarket neutralin first half,negative
operating loss pulp paper machinery unit eurmarket neutralin september august compare profit eurmarket neutrala year earlier,negative
operating loss total eurmarket neutralcompared profit eurmarket neutralin corresponding period,negative
operating loss total eurmarket neutralcompared profit eurmarket neutral,negative
operating loss total eurmarket neutralcompared profit eurmarket neutralin first half,negative
operating loss total eurmarket neutralcompared profit eurmarket neutralin second quarter,negative
operating loss total eurmarket neutralcompared loss eurmarket neutralin corresponding period,negative
pretax loss total eurmarket neutralcompared loss eurmarket neutralin corresponding period,negative
pretax loss total eurmarket neutralcompared profit eurmarket neutralin,negative
pretax loss total eurmarket neutralcompared loss eurmarket neutralin corresponding period,negative
publish sweden operating loss eurmarket neutralin compare profit eurmarket neutrala year ago,negative
company report today operate loss eur net sale eur first quarter,negative
cerberus capital management lpbacked printing paper maker newpage corp post mixed secondquarter result cast cloud plan initial public offering,negative
finnish electronics manufacture service company elcoteq post net loss ofmillioneuromillionfor first half compare net profit ofmillioneuromillionfor period,negative
finnish laboratory liquid handle diagnostic test system developer biohit oyj omx helsinki biobv issue tuesday june profit warn financial year,negative
finnish retail software developer aldata solution oyj report net loss ofmillioneuromillionfor versus net profit ofmillioneuromillionfor,negative
finnish textile clothe group marimekko oyj posted net profit ofmillioneuromillionfor compare tomillioneuromillionfor,negative
januaryjune dilute loss per share stand eur versus eur first half,negative
october upm report thirdquarter net loss euro million million compare net profit euro million,negative
operating loss amount eurmarket neutralcompared profit eurmarket neutralin second quarter,negative
operating loss nonrecurring item eurmarket neutralcompared profit eurmarket neutralin,negative
operating profit margin percentage compare percentage year earlier,negative
operating profit eurmarket neutralin compare eurmarket neutralin,negative
operating result show loss eurmarket neutralwhile year show profit eurmarket neutral,negative
salcomp oyj finnish maker mobile phone charger monday post eur million loss second quarter compare million profit period previous year,negative
scanfil also issue profit warning,negative
scanfil issue profit warning april,negative
operating loss amount eurmarket neutralcompared profit eurmarket neutrala year earlier,negative
real estate company post net loss million per share compare net profit million per share corresponding quarter,negative
tietoenator percentage extend recent low last week secondquarter report dealer say,negative
operating profit exclude restructuring cost grow eur million eur million operating profit include restructuring cost show even large growth eur million eur million,positive
china base operation enable fully leverage resource expertise wireless solution also strengthen capability offer industryleading product customer china,positive
cost cutting measure produce around eurm save past nine month dampen airline loss finnair say,positive
consolidated operating profit exclude oneoff item eurmarket neutralup eurmarket neutrala year earlier,positive
ebit exclude nonrecurring item estimate increase,positive
operating profit exclude nonrecurring item increase percentage eurmarket neutralfrom eurmarket neutralin corresponding period,positive
cash flow business operation total eurmarket neutralcompared negative eurmarket neutralin first half,positive
cash flow operation total eurmarket neutralcompared negative eurmarket neutralin corresponding period,positive
cash flow operation total eurmarket neutralcompared negative eurmarket neutralin second quarter,positive
ebit exclude nonrecurring item total eurmarket neutralup eurmarket neutral,positive
finnish energy company fortum oyj say november grant environmental permit build biofuelfired combined heat power chp plant vartan harbor eastern stockholm,positive
nokia percentage eur kick morning negative territory,positive
return investment percentage compare negative percentage,positive
thus method cut work cost fasten plan building process,positive
copy republication redistribution afx news content include frame similar mean expressly prohibit without prior write consent afx news,neutral
company report profit euromillionon sale varesvuo partner subgroup loss euro cause sale program production subsidiary filmiteollisuus fine,neutral
extract filtrate high clarity dry filter cake meet required transport moisture limit tmlsfor ore grade,neutral
split number share number share,neutral
establish srv group private finnish construction concern operation finland baltic country russia,neutral
initial estimate total value contract euro exclude vat,neutral
nokia capcom announce resident evil degeneration release ngage later year,neutral
ollipekka laine appoint chairman erkki pehulehtonen vice chairman board,neutral
risk exposure nonlife insurance move month expense function nonlife insurance exclude expense investment management expense service render nonlife insurance investment portfolio allocation,neutral
issue come connection discussion local municipality concern sale water industrial facility,neutral
purchase price pay cash upon closure transaction schedule april,neutral
term condition stock option scheme available company internet page wwwsanomacom,neutral
tieto service also use send process receive material relate absentee voting,neutral
trading code eliv number share priceshare gratuitous transfer elisa hold total share,neutral
total stock option issue stock option scheme,neutral
finnish publishing print group ilkkayhtym introduce staff smoking ban begin company three newspaper,neutral
finnish stockmann group mail order unit hobby hall launch trial marketing campaign russia,neutral
alpina sport lebanon new hampshire usa base distributor alpina ski shoe ski exel ski pole start ski wax also peltonen crosscountry ski,neutral
among scandinavian company present petersburg also name swedish concern ncc implement project field asphalt production road housing construction project swedish krona,neutral
international conference call audio webcast concern financial result januarymarch begin eet,neutral
atrium say offer would give swedish company continue ownership control slaughter cut operation,neutral
aug curb deliver newstex late rack cover shop retail sidewalk,neutral
bertrand sciard vice chairman board director aldata solution since april,neutral
bovine slaughter cut kuopio facility transfer kauhajoki slaughterhouse,neutral
huhtamaki rigid plastic consumer good operation mainly europe separate new reporting segment january,neutral
kesko previously publish stock exchange release concern deal february,neutral
less ten people face pension agreement,neutral
kari stadigh carry chairman board matti arteva vicechairman,neutral
neste oil refinery combine crude oil refining capacity approximately barrel day,neutral
new chairman board director chaim katzman give presentation answer question,neutral
panostaja oyj board also decide organisational meeting hold upon completion agm implement agm decision concern board member fee pay share way share transfer quarterly basis date follow publication quarterlyannual report,neutral
rapala fishing frenzy,neutral
resident access block plan aleksandri street,neutral
sanoma announce stock option scheme december,neutral
shortterm license game cost little purchasing game outright cost much,neutral
adjustment concern staff specialty paper fiber composite segment,neutral
appointment force new ceo appoint,neutral
authorisation force end next annual general meeting repeal authorisation acquire share give general meeting hold april,neutral
business gross write premium eur net combine ratio percentage staff total office germany benelux,neutral
chill meat product category lead meat fish poultry market finland account share percentage,neutral
company continuous need alloy nickel ferrochrome molybdenum manganese production say talvivaara,neutral
contract also include cut edge wagon part ruukki steel service centre seinajoki raahe southwestern finland deliver weld assembly,neutral
copy republication redistribution afx news content inculding frame similar mean expressly prohibit without prior write consent afx news,neutral
cosmetic collection include eye shadow face powder lip gloss mascara accessory,neutral
smartphone available per handset across india nokia india vicepresident manage director shivakumar tell reporter,neutral
exercise originate finland early training method crosscountry skier,neutral
first phase logistics complex envisages completion logistics premise gatehouse building november,neutral
gross area eight house,neutral
gross area innova project,neutral
interim report first quarter publish may,neutral
mill raw material need increase wood,neutral
negotiation concern personnel cencorp corporation singulase whole finland sweden company say,neutral
negotiation concern plant department produce wind rove employ people,neutral
new apartment block close city center explain chairman board yit ehitus priit sauk,neutral
redesign crush circuit operation since start september overall production rate weekly basis excess average tonne day,neutral
scheme teliasonera altimo practically identical except involves merger stake vimpelcom kyivstar,neutral
share subscription period option commence september expire march,neutral
share subscription period expire september,neutral
subscription period amer sport warrant scheme end december,neutral
term condition stock option scheme available group website,neutral
transaction include also transfer lease agreement concern manufacturing premise employment agreement related operation,neutral
utility also provide service relate electricity management hedge trade risk management reporting,neutral
try deal slavery different perspective balance story say deramus formerly writer detroit free press detroit news,neutral
big challenge make piece look raw hansen say,neutral
license agreement nokia corp part expire april,neutral
agreement expire earlier month,neutral
split company would series share series share,neutral
boomeranger boat specialise boat building design manufacture sell customise rigid inflatable boat rib primarily baltic sea market,neutral
currently quarterly apply surcharge differ significantly actual market price,neutral
filmiteollisuus fine transfer talentum oyj form subsidiary,neutral
helsinki afx salcomp mobile phone charger manufacturer say appoint markku hangasjarvi new ceo follow resignation mat eriksson,neutral
ruokatalo produce many turkey product cold cut,neutral
however broker rating stock differ,neutral
mursula say tried gather macroeconomic perspective see malaysia,neutral
niklas skogster employ abb group various position concern development operation,neutral
beer differ slightly mainstream beer,neutral
company operate division lisle ill,neutral
deal cover stockmann auto sale aftersales service concern volkswagen audi helsinki espoo vantaa,neutral
equipment designate bollore africa logistics terminal societe dexploitation terminal vridi setv abidjan ivory coast delivery schedule start march,neutral
floor area yliopistonrinne project building gross area total total percentage facility let,neutral
floor area yliopistonrinne project building gross area total total percentage facility let,neutral
measure result statutory joint negotiation employee start february concerned operation country,neutral
product range include marinate olive cold cut pate example,neutral
term condition year stock option scheme publish stock exchange release march,neutral
action follow personnel negotiation concern elcoteq finnish branch elcoteq finland elcoteq design center,neutral
unbelievably company make fiskars corporation form dutch merchant name peter thorwoste give charter establish blast furnace forge operation small finnish village fiskars,neutral
uncertainty cloud longterm outlook,negative
october finnish environmental management company lassila tikanoja oyj hel latv say monday expect operating profit exclude nonrecurring item whole slightly low,negative
accord finnish petrol station chain manage director kim wiio company force make purchase rise price first half consumer price almost daily due competition,negative
finnair say cancellation flight would cause daily loss xac million million,negative
food sale total eurmarket neutralin october represent decrease percentage october,negative
raute report loss per share eur first half eps eur corresponding period,negative
move trigger weak demand forestry equipment uncertain market situation,negative
situation coat magazine print paper continue weak,negative
copper lead nickel also drop hbos hbos plummet percentage penny say year,negative
strike finnair estimate incur net loss eurm eur per day,negative
earnings per share eps drop eur eur,negative
finnair passenger load factor measure number sell seat share available seat drop percentage point percentage september,negative
frost sell share million per share compare friday high low,negative
glaston net profit third quarter drop tomillioneuromillionfrommillioneuromillionfor corresponding period,negative
net profit whole drop eur million eur million,negative
lassila tikanoja operating profit exclude nonrecurring imputed item second quarter eur eur year ago,negative
net cash flow operate activity negative eurmarket neutralcompared eurmarket neutralin correspond period,negative
net cash operating activity negative eurmarket neutralcompared eurmarket neutralin,negative
net sale drop percentage yearonyear eur million,negative
net sale eaten weak dollar,negative
nordic bank already write sizable loan latvia swedbank nordea dnb seb reporting combine loss excess billion period backdrop near economic meltdown latvia,negative
okmetic expect net sale first half less,negative
operating profit exclude nonrecurring item total eurmarket neutraldown eurmarket neutralin corresponding period,negative
operating profit exclude nonrecurring item total eurmarket neutraldown eurmarket neutral,negative
operating profit exclude nonrecurring item total eurmarket neutraldown eurmarket neutralin corresponding period,negative
operating profit exclude nonrecurring item amount eurmarket neutraldown eurmarket neutralyearonyear,negative
operating profit exclude nonrecurring item eur million compare eur million,negative
relation city damage comment ashley criticise city investor analyst cry baby,negative
report operate margin negative percentage,negative
swedbank share hard hit swedish bank ongoing international financial crisis,negative
currency effect percentage ormillioneuromillionnegative impact revenue,negative
period sale drop eur million eur million accord interim report release today,negative
therefore company result remain weak,negative
vaisala net profit third quarter drop tomillioneuromillionfrommillioneuromillionfor period,negative
implementation program negative impact earnings meiklejohn say,negative
survey conduct taloustutkimus sampo life show company badly prepare lose key staff member,negative
agricultural newspaper maaseudun tulevaisuus reader represent decrease percentage,negative
cet arcelormittal lose percentage eur euronext paris come lead bluechip faller,negative
cash flow operation januarydecember negative eurmarket neutralcompared eurmarket neutralin correspond period,negative
eps drop eur eur,negative
kone share drop percent xac helsinki,negative
commission say earlier fin thyssenkrupp united technology corp otis schindler kone oyj total ofmillioneur allege cartel activity lift market back twelve year,negative
period sale drop eur eur accord interim report release today,negative
yit lodge counter claim neste oil total eurm primarily base work carry contract additional cost incur due prolongation project,negative
stable outlook reflect nokia strong market position global mobile handset market strong cash flow generation conservative balance sheet say raab,positive
financing arrangement enable company ensure line treasury policy sufficient financial instrument disposal potential capital requirement,positive
efficiency improvement measure january finnish stationery gift retailer tiimari hel tiiv say today continue improve operational efficiency focus profitable core operation,positive
efore result last quarter show even faster improvement company manage good source component,positive
technical indicator stock bullish give nok positive star buy rank,positive
restructure creates efficient organization increase operational focus stable profitability lead efficient production say annvik head specialty stainless,positive
delighted move say morna cowie coowner double size current shop lovely feel,positive
long unprofitable period food division post profitable result speaks healthy cost structure new approach business operation rihko say,positive
earnings per share higher year ahead market consensus eur,positive
september finnish waste management recycle company lassila tikanoja expand operation russia introduce recently complete recycling plant city dubna near moscow,positive
method system control hard disk drive use multimediacard physical interface invent marko ahvenainen ruutana finland,neutral
odd square metre plot stockmann buy nevsky center shopping center locate nevsky prospect petersburg high street next vosstaniya square underground station immediate vicinity moscow station,neutral
typically transmission power level decrease interference noise predefined value,neutral
sukhraj dulai block boni sue court culdesac city north side start vehicle inside house tuesday leave garage door open,neutral
typical enduses include roof structure floor wall ceiling nonvisible structure vehicle packaging box construction site structure fence shelter formwork limit number concrete pourings,neutral
tallink silja attribute significant drop problem book system take operation october sale trailer ferry sky wind route stockholm riga passenger helsinkistockholm route,negative
adjustment fall price level contrast less effective,negative
march goldman sachs estimate negative prospect norwegian mobile operation norway telenor asa osl tel sweden teliasonera sto tlsn short term,negative
base first quarter result exist order backlog new order prospect company expect fullyear sale contract percentage gross margin stay healthy level operating profit margin lower due low sale volume,negative
key shareholder finnish service provider tietoenator oyj friday reject hostile eur billion billion offer buyout shop nordic capital give new life possible counter offer blackstone group norwegian telecom telenor asa,positive
answer question many visitor conversation get big team problem set social medium channel,neutral
biotie northamerican licensing partner somaxon pharmaceutical start phase iiiii clinical study patient suffer pathological gamble pilot phase study nicotine addiction smoking cessation,neutral
hour news try icis news wwwiciscom click trial icis news,neutral
wore black beanietype cap black jacket,neutral
product low salt fat content,neutral
finnair belief strike cause daily net loss excess eurmarket neutraldue cancel reservation passenger rerouting,negative
helsinki thomson financial share close little change cargotec huhtamaki drop sharply disappointing secondquarter report,negative
airline estimate cancellation flight due closure european airspace process recommence traffic cause company loss eurm include cost strand passenger accommodation,negative
ruukki group calculate lose eurmarket neutralin fail project,negative
samsung currently occupy third place lose ground quarter drop percentage percentage share overall,negative
baltimore police fire pension billion lose million madoff ponzi scheme,negative
small firm suffer moment likely money trouble add,negative
dealer say share largely hit investor disappointment refine margin usd per barrel quarter performance ship unit saw ebit drop tomillioneur frommillioneur year amid fall volume tanker rate,negative
make matter difficult company say grapple high oil gas price push cost energy raw material transportation,negative
one headboxes equip modern consistency control system ensure cross machine profile plasterboard,neutral
result also burden increase fix cost associate operation china restructuring cost japan,negative
part transaction mreal sappi also sign longterm agreement supply pulp bctmp small service supply,positive
earlier today geberit finnish rival uponor oyj cut fullyear sale growth forecast percentage percentage blame tough condition germany well currency factor,negative
operating loss total eurmarket neutraldown profit eurmarket neutral,negative
group operate loss eurmarket neutraldown profit eurmarket neutralin,negative
finnish national carrier say net loss april june euro million net profit euro million year earlier,negative
generate operating loss eurmarket neutraldown profit eurmarket neutral,negative
consolidate unaudited result amanda capital ifrs report standard,neutral
unaudited consolidate result aspocomp group ifrs report standard,neutral
elcoteq europe large contract electronics maker set unit bangalore association avista advisory mumbai,neutral
however two previously order set start produce electricity end october say,neutral
net sale period expect fall well last year result nonrecurring item expect red,negative
finland bank land report operating profit fell eurmarket neutralin second quarter eurmarket neutralin second quarter,negative
budapest august mti finnish electronics maker elcoteq lay worker plant pecs hungary end september fall order communication director elcoteq local unit zoltan krippl tell mti monday,negative
earnings per share eps decrease eur eur,negative
finnair tallinnbased subsidiary aero carry passenger decline percentage route helsinki baltic capital within southern finland,negative
adpnews aug finnish medium group ilkkayhtyma oyj hel ilk say today net profit fell percentage year eur million usd first half,negative
operating profit lower outlook publish earlier,negative
operating profit continue operation fell eurmarket neutralfrom eurmarket neutralin first half,negative
revenue quarter total billion percent billion fourth quarter,negative
sampo bank market share lend percentage percentage first quarter,negative
sanoma news advertising sale decrease percentage year,negative
finnish bank land report operate profit fell eurmarket neutralin third quarter eurmarket neutralin third quarter,negative
finnish bank land report operate profit eurmarket neutralin first quarter eurmarket neutralin corresponding period,negative
finnish electronics contract manufacturer scanfil report net sale eurmarket neutralin eurmarket neutralin,negative
finnish electronics contract manufacturer scanfil report net sale eurmarket neutralin second quarter eurmarket neutrala year earlier,negative
finnish exel composite technology company design manufacture market composite profile tube various industrial application report net sale decrease percentage second quarter eurmarket neutralfrom eurmarket neutralin corresponding period,negative
finnish geosentric net sale decrease eur januarymarch,negative
finnish kemira net sale eur decrease eurmarket neutralin januaryjune eurmarket neutralin januaryjune,negative
finnish plumbing heating system supplier uponor net sale continue operation decrease percentage eurmarket neutralfrom eurmarket neutralin,negative
finnish plumbing heating system supplier uponor net sale continue business operation decrease eurmarket neutralin julyseptember compare eurmarket neutralin third quarter,negative
finnish scanfil contract manufacturer system supplier communication industrial electronics report net sale eurmarket neutralin first half eurmarket neutrala year earlier,negative
finnish scanfil system supplier contract manufacturer communication sector electronics industry report net sale total eurmarket neutralin first half eurmarket neutralin first half,negative
finnish shipping company finnlines grimaldi group report net sale decrease eurmarket neutralin januaryjune eurmarket neutralin corresponding period,negative
cargo traffic fell percentage yearonyear tonne september,negative
cash flow investment amount eurm eurm,negative
cocacola market leader manufacturer market share percentage percentage corresponding period,negative
comparable operating profit decrease eurmarket neutralfrom eurmarket neutralin corresponding period,negative
consolidated operating profit continue operation decrease percentage eurmarket neutralfrom eurmarket neutralin,negative
consolidated pretax profit decrease percentage eurmarket neutralfrom eurmarket neutralin,negative
device volume area decrease percentage tomarket neutralunits,negative
dilute earnings per share eps decline eur eur,negative
eur august finnish medium group ilkkayhtyma oyj hel ilk say today net profit fell percentage year eur first half,negative
earnings per share eps amount eur eur,negative
earnings per share eps decrease eur eur,negative
earnings per share eps first half amounted eur eur year ago,negative
finnair total traffic decrease percentage term revenue passenger kilometre,negative
finnish business software group affectogenimap oyj say net profit halve tomillioneuromillionin first nine month frommillioneuromillionin period,negative
finnish financial software solution developer basware oyj say net profit fell euromillionfor first quarter frommillioneuromilliona year earlier,negative
finnish glass technology company glaston oyj abp net profit decrease tomillioneuromillionfor first nine month frommillioneuromillionfor period,negative
finnish management software solution provider ixonos oyj net profit decrease euro first quarter euromillionfor period,negative
finnish medium company talentum oyj net profit decrease tomillioneuromillionfor first quarter frommillioneuromillionfor period,negative
finnish metal product company componenta oyj net profit slightly tomillioneuromillionfor first half frommillioneuromillionfor period,negative
separate announcement helsinki stock exchange atrium reveal company third quarter profit decline eur third quarter last year eur year,negative
fourth quarter net sale decrease eurmarket neutralfrom eurmarket neutralin fourth quarter,negative
insurer axa par slide percentage eur citigroup ing slash target stock,negative
adp news feb finnish wood product technology supplier raute oyj hel rutav say today net profit decrease eur million usd eur million,negative
adp news feb finnish construction company lemminkainen oyj hel lem say today net profit decrease eur million usd eur million,negative
adp news feb finnish broadband data communication system solution company teleste oyj hel tltv say today net profit decrease eur million usd eur million,negative
adp news jan finnish mobile phone maker nokia oyj omx nokv say today operating profit decrease eur billion usd eur billion,negative
adpnews may finnish cutlery hand tool maker fiskars oyj abp hel fisa say today net profit decline eur million usd first quarter eur million correspond,negative
market share decrease route helsinki finland tallinn estonia percentage point percentage,negative
net profit fell almost half million million end,negative
net profit three month march fell xac million million xac million year earlier finnish company say,negative
net sale decrease eurmarket neutralfrom eurmarket neutralin corresponding period,negative
net sale decrease eurmarket neutralfrom eurmarket neutralin corresponding period,negative
net sale fell percentage third quarter eurmarket neutral,negative
net sale fell percentage previous accounting period,negative
net sale kyro main business area glaston technology manufacturer glass processing machine decrease eurmarket neutralfrom eurmarket neutralin januaryseptember,negative
operating profit fell eurmarket neutralin second quarter eurmarket neutralin second quarter,negative
operating profit fell eurmarket neutralfrom eurmarket neutralin,negative
operating profit fell eurmarket neutralfrom eurmarket neutral,negative
operating profit fell eurmarket neutralfrom eurmarket neutralin,negative
operating profit fell eurmarket neutralfrom eurmarket neutralin third quarter,negative
orion net profit third quarter decrease tomillioneuromillionfrommillioneuromilliona year earlier,negative
pretax profit decrease percentage eurmarket neutralfrom eurmarket neutral,negative
pretax profit decrease eurmarket neutralfrom eurmarket neutralin fourth quarter,negative
pretax profit total eurmarket neutraldown eurmarket neutralin,negative
price delivery volume broadband product decrease significantly,negative
profit period total eurmarket neutraldown eurmarket neutralin corresponding period,negative
profit period total eurmarket neutraldown eurmarket neutralin third quarter,negative
revenue quarter fell percent euro billion compare year earlier,negative
srv lower net sale estimate whole due uncertainty housing sale,negative
stora enso oyj say secondquarter result would fall half compare period,negative
subscription sale decrease slightly,negative
company confirm estimate lower revenue whole yearago eur give interim report august,negative
department store division sale fell percentage eurmarket neutral,negative
fair value company investment property eur billion end eur billion year earlier,negative
fair value company investment property eur end september eur year earlier,negative
group order portfolio decrease eurmarket neutralin eurmarket neutralin,negative
net sale decrease eur million eur million,negative
sale tiimari segment fell percentage yearonyear eur june,negative
finnish electronics contract manufacturer scanfil net sale eurmarket neutralin first quarter eurmarket neutrala year,negative
alma medium operating profit amount eurmarket neutraldown eurmarket neutrala year earlier,negative
commission income decrease eurmarket neutralcompared eurmarket neutralin third quarter,negative
commission income fell eurmarket neutralfrom eurmarket neutralin corresponding period,negative
export decline percent million liter,negative
export good fell percentage import percentage,negative
finnish developer manufacturer mobile phone charger salcomp plc omx helsinki salv wednesday november lowered fullyear net sale estimate,negative
finnish investment group norvestia oyj say net profit fell tomillioneuromillionin frommillioneuromillionin,negative
group ebit first half eur fall short eur post period,negative
however company saw net profit third quarter eur million eur million corresponding period,negative
however company saw net profit third quarter eur eur corresponding period,negative
however net sale decline eur million eur billion,negative
food trade sale amount eur decline percentage,negative
januarynovember group sale total eurmarket neutralwhich drop percentage period,negative
julyseptember konecranes sale decrease eurmarket neutralfrom eurmarket neutralin julyseptember,negative
sale volume cocacola market share decrease percentage percentage,negative
september alone market decline percent yearonyear million liter,negative
baltic country sale fell percentage russia percentage term euro percentage term local currency,negative
baltic country sale fell percentage,negative
nokia share hit euro friday percent start year part slow introduction touchscreen model,negative
operating profit decrease eurmarket neutralfrom eurmarket neutral,negative
operating profit decrease nearly eurmarket neutralhowever,negative
operating profit fell eurmarket neutralfrom eurmarket neutralin second quarter,negative
operating profit fourth quarter fell eurm eurm year earlier,negative
operating profit total eurmarket neutraldown eurmarket neutralin corresponding period,negative
operating profit total eurmarket neutraldown eurmarket neutralin corresponding period,negative
operating profit total eurmarket neutraldown eurmarket neutralin,negative
operating profit total eurmarket neutraldown eurmarket neutralin first quarter,negative
operating profit total eurmarket neutraldown eurmarket neutrala year earlier,negative
operating profit total eurmarket neutraldown eurmarket neutralin first half,negative
operating profit total eurmarket neutraldown eurmarket neutralthe year,negative
operating profit eurmarket neutraldown eurmarket neutral,negative
profit period eurmarket neutraldown eurmarket neutralin,negative
revenue slightly xac million million compare xac million year earlier,negative
sale seppala diminish per cent,negative
talentum net sale september small expect,negative
company profit total percentage yearonyear,negative
company say sale three month end march slide eur eur last year,negative
operate margin come percentage percentage,negative
operate margin aker yard cruise ferry division percentage percentage first quarter,negative
total capital fund manage bank decrease percentage eurmarket neutralby end september,negative
upm stock fell percent euro early afternoon trading helsinki,negative
yit baltic sale first three quarter total million euro represent drop percent year year,negative
extremely delighted project continuation cooperation viking line,positive
demand fireplace product lower expect especially germany,negative
however order receive period review fell percentage quarteronquarter eur million record second quarter,negative
announcement push freenet share percentage eur frankfurt trade eur investor give hope united internet drillisch would pursue takeover breakup freenet,negative
danske bank danske jump percent krone rebound yesterday percent slide,positive
accord company addition normal seasonal fluctuation market situation weaken autumarket neutral,negative
change market situation tougher price competition substantially reduce demand bread packaging manufacture kauhava plant accord company,negative
building home improvement trade sale decrease percentage total eurmarket neutral,negative
building home improvement trade net sale total eurmarket neutraldown eurmarket neutrala year earlier,negative
building home improvement trade sale decrease percentage eurmarket neutral,negative
finnish suominen corporation make wipe nonwovens flexible packaging expect change market situation reduce sale suominen nonwovens wet wipe previously estimate volume,negative
hull vessel build one block time ruukki deliver plate material block construction progress,neutral
net sale whole fiscal year lower operating profit estimate negative,negative
sale unit slump last year industry hit poor snowfall major resort winter,negative
steelmaker say drop profit explain continue economic uncertainty mixed current drought bank lending result decline demand product customer find increasingly difficult fund operation,negative
upmkymmene corp world large maker magazine paper tuesday report percent profit drop low paper price high cost strong euro hurt revenue,negative
space blond wood floor unlike rest store notably scandinavian vibe,neutral
finnish meat company atrium longer promise sufficient amount domestic beef customer,negative
capital expenditure energy efficiency unfortunately fall along decline economy,negative
due rapid decrease net sale personnel reduction carry wide scale initially expect,negative
finnish waste management clean group lassila tikanoja oyj net profit tomillioneuromillionfor frommillioneuromillionfor,negative
qualcomm estimate firstquarter profit cent share exclude certain item analyst estimate cent share,negative
besides depositor preference finland senior debt deposit rank par also take consideration agency add,neutral
operate margin however slip percentage percentage drag poor performance enterprise solution,negative
mobile communication wireless broadband provider nokia inc nyse nok today set new financial target forecast nokia mobile device industry also nokia siemens network mobile fix infrastructure relate service market,neutral
external net sale printing business fell percentage partly due termination printing contract ilkkayhtyma printing house iprint sector player medium december fall printing price,negative
sevenmonth sale ragutis control finnish brewery olvi decline percent million liter company hold percent market,negative
omx helsinki index percentage turnover ofmillioneur,negative
repeat see operate profit reporting helsinki newsroom keywords tecnomenresults,negative
comparable operating profit total eurmarket neutraldown eurmarket neutralin corresponding period represent percentage net sale,negative
finland hobby hall sale decrease percentage international sale fell percentage,negative
baltic state company report net sale eurmarket neutraldown eurmarket neutraland operative ebit eurmarket neutraldown eurmarket neutral,negative
operating profit half glisten invest brand management team,negative
sale finland decrease percentage international sale decrease percentage term euro percentage term local currency,negative
operate result month period decrease profit eur turnover decrease eur compare,negative
helsinki thomson financial share cargotec fell sharply early afternoon trade cargo handle group post surprise drop apriljune profit overshadow large number new order receive three month,negative
london marketwatch share price end low london monday rebound bank stock fail offset broad weakness ftse,negative
operating profit fell eurmarket neutralfrom eurmarket neutralin include vessel sale gain eurmarket neutral,negative
sale finland decrease percentage january sale outside finland drop percentage,negative
